z,theta_deg,k,r_l1_vox,conf
912,0.0,63,1076.5,1
912,18.0,70,874.5,1
912,18.0,71,884.5,1
912,216.0,52,849.0,1
912,216.0,53,861.0,1
912,228.0,37,628.0,1
912,264.0,23,432.5,1
912,288.0,12,255.5,1
912,288.0,13,271.5,1
912,324.0,34,605.0,1
912,348.0,57,933.0,1
912,348.0,58,941.0,1
912,348.0,59,949.0,1
944,24.0,74,900.0,1
944,222.0,52,829.0,1
944,222.0,53,838.0,1
944,240.0,35,575.0,1
944,258.0,20,452.0,1
944,264.0,22,429.0,1
944,276.0,17,262.0,1
944,276.0,18,269.0,1
944,276.0,21,302.0,1
944,282.0,19,270.0,2
944,294.0,22,279.0,1
944,312.0,20,506.0,1
944,312.0,21,535.0,1
944,318.0,35,583.0,1
944,318.0,36,590.0,1
944,318.0,37,598.0,1
944,324.0,41,640.0,1
944,354.0,70,1114.0,1
976,12.0,66,919.0,1
976,30.0,74,920.0,1
976,48.0,71,782.0,1
976,204.0,67,936.5,1
976,228.0,41,648.5,1
976,228.0,42,664.5,1
976,312.0,22,556.5,2
976,318.0,22,590.5,2
976,318.0,23,600.5,1
976,318.0,24,614.5,1
976,336.0,43,779.0,1
976,354.0,72,1116.5,1
1008,24.0,84,930.0,1
1008,24.0,85,936.0,1
1008,36.0,87,960.0,1
1008,162.0,60,906.5,1
1008,162.0,61,914.5,1
1008,162.0,62,923.5,1
1008,198.0,81,926.0,1
1008,198.0,82,939.0,1
1008,282.0,27,428.0,1
1008,282.0,28,436.0,1
1008,282.0,29,443.0,1
1008,288.0,30,414.0,1
1008,288.0,31,426.0,1
1008,306.0,25,505.0,1
1008,354.0,68,1124.5,1
1040,0.0,72,1141.0,1
1040,24.0,76,894.5,1
1040,24.0,77,907.5,1
1040,24.0,78,918.5,1
1040,102.0,65,670.5,1
1040,102.0,66,679.5,1
1040,108.0,63,663.5,1
1040,300.0,34,541.0,1
1040,312.0,33,615.5,1
1040,342.0,55,975.0,1
1040,342.0,56,985.0,1
1040,348.0,53,1080.5,1
1072,6.0,78,1109.0,1
1072,24.0,72,875.0,1
1072,24.0,73,884.0,1
1072,24.0,74,892.0,1
1072,162.0,71,977.0,1
1072,162.0,72,983.0,1
1072,204.0,77,829.0,1
1072,246.0,37,535.0,1
1072,246.0,38,552.0,1
1072,246.0,39,559.0,1
1072,264.0,36,491.0,1
1072,264.0,37,503.0,1
1072,264.0,38,510.0,1
1072,288.0,33,521.0,1
1072,318.0,41,671.0,1
1072,318.0,42,689.0,1
1072,318.0,43,695.0,1
1072,342.0,51,1004.5,1
1104,36.0,90,929.5,1
1104,36.0,91,937.5,1
1104,174.0,78,1112.0,1
1104,270.0,44,539.0,1
1104,294.0,40,549.0,1
1104,294.0,41,556.0,1
1104,318.0,45,730.0,1
1104,342.0,68,1061.0,1
1104,348.0,73,1091.0,1
1136,0.0,75,1108.5,1
1136,6.0,85,1123.0,1
1136,78.0,65,689.0,1
1136,108.0,68,706.5,1
1136,204.0,72,896.5,1
1136,204.0,73,913.5,1
1136,222.0,78,935.5,1
1136,222.0,79,941.5,1
1136,258.0,45,590.0,1
1136,258.0,46,598.0,1
1136,258.0,47,610.0,1
1136,264.0,42,558.5,1
1136,300.0,48,635.0,1
1136,318.0,41,713.0,1
1136,318.0,42,734.0,1
1136,336.0,67,945.0,1
1136,336.0,68,953.0,1
1136,336.0,69,967.0,1
1136,336.0,70,973.0,1
1168,18.0,60,835.5,1
1168,18.0,61,852.5,2
1168,18.0,62,861.5,1
1168,18.0,63,873.5,1
1168,18.0,64,882.5,1
1168,24.0,61,864.0,2
1168,36.0,87,945.5,1
1168,186.0,82,993.5,1
1168,204.0,68,893.0,1
1168,210.0,71,842.5,1
1168,210.0,72,848.5,1
1168,210.0,73,858.5,1
1168,210.0,74,867.5,1
1168,240.0,57,733.5,1
1168,300.0,35,687.5,1
1200,6.0,85,1097.0,1
1200,24.0,70,843.0,2
1200,24.0,71,855.0,2
1200,24.0,72,863.0,1
1200,24.0,73,875.0,1
1200,36.0,86,962.0,1
1200,318.0,53,784.0,1
1200,318.0,54,793.0,1
1200,318.0,55,801.0,1
1200,354.0,77,1071.0,1
1200,354.0,78,1081.0,1
1232,24.0,69,816.0,1
1232,24.0,70,830.0,2
1232,24.0,71,836.0,2
1232,30.0,56,870.0,1
1232,30.0,57,879.0,1
1232,210.0,72,871.5,1
1232,264.0,55,693.5,1
1232,300.0,52,654.0,2
1232,300.0,53,661.0,2
1264,24.0,57,786.5,1
1264,24.0,58,798.5,1
1264,24.0,59,806.5,1
1264,24.0,60,819.5,1
1264,24.0,61,828.5,1
1264,30.0,69,881.5,1
1264,30.0,70,899.5,1
1264,36.0,63,988.5,1
1264,180.0,64,997.0,1
1264,240.0,61,845.0,1
1264,240.0,62,853.0,1
1264,240.0,63,862.0,1
1264,270.0,46,731.5,1
1264,300.0,51,655.5,1
1264,300.0,52,664.5,2
1264,300.0,53,680.5,2
1296,0.0,80,1011.5,1
1296,0.0,81,1023.5,1
1296,0.0,82,1031.5,1
1296,78.0,57,762.5,2
1296,84.0,57,758.0,2
1296,174.0,64,1120.0,1
1296,210.0,66,768.0,1
1296,210.0,67,779.0,1
1296,210.0,68,800.0,1
1296,210.0,69,812.0,1
1328,30.0,75,902.0,1
1328,36.0,76,969.0,1
1328,48.0,63,951.0,1
1328,54.0,81,993.0,1
1328,78.0,67,788.0,1
1328,84.0,64,789.0,1
1328,162.0,61,1308.0,1
1328,162.0,62,1329.0,1
1328,168.0,75,1223.0,1
1328,276.0,62,760.0,1
1328,330.0,71,1048.5,1
1328,330.0,72,1064.5,1
1328,354.0,76,1026.0,1
1328,354.0,77,1036.0,1
1360,24.0,66,882.0,1
1360,126.0,68,822.0,1
1360,174.0,62,999.0,1
1392,6.0,63,1035.0,1
1392,126.0,76,809.0,1
1392,138.0,65,892.5,1
1392,210.0,61,757.0,1
1392,210.0,62,772.0,1
1392,210.0,63,781.0,1
1392,210.0,64,787.0,1
1392,210.0,65,806.0,1
1392,210.0,66,821.0,1
1392,210.0,67,839.0,1
1424,24.0,72,889.0,1
1424,48.0,79,972.0,1
1424,156.0,79,1292.0,1
1424,192.0,70,1032.0,1
1424,204.0,60,954.0,1
1424,204.0,61,968.0,1
1424,204.0,62,984.0,1
1456,24.0,58,901.0,1
1456,90.0,73,787.0,1
1456,90.0,74,800.0,1
1456,144.0,66,968.0,1
1456,180.0,69,961.0,1
1456,336.0,85,1098.0,1
1488,0.0,79,1014.0,1
1488,18.0,63,868.0,1
1488,102.0,64,695.0,1
1488,162.0,73,1334.0,1
1488,192.0,58,979.0,1
1488,216.0,65,871.0,1
1488,216.0,66,882.0,1
1488,216.0,67,891.0,1
1488,216.0,68,902.0,1
1488,216.0,69,921.0,1
1520,0.0,70,1010.5,1
1520,6.0,73,1009.0,1
1520,18.0,53,861.0,1
1520,18.0,54,875.0,1
1520,144.0,64,1018.0,1
1520,144.0,65,1036.0,1
1520,156.0,71,1169.5,1
1520,156.0,72,1175.5,1
1520,162.0,76,1325.5,1
1520,174.0,68,1052.0,1
1520,174.0,69,1065.0,1
1520,174.0,70,1071.0,1
1520,180.0,63,1013.5,1
1520,186.0,65,916.0,2
1520,186.0,66,930.0,1
1520,186.0,67,937.0,1
1520,198.0,66,1041.0,1
1520,216.0,73,875.0,1
1520,216.0,74,885.0,1
1520,276.0,82,849.0,1
1520,276.0,83,855.0,1
1552,0.0,64,1049.0,1
1552,6.0,67,1047.0,1
1552,90.0,69,694.0,1
1552,96.0,64,656.0,1
1552,96.0,65,664.0,1
1552,96.0,66,679.0,1
1552,96.0,67,699.0,1
1552,108.0,60,606.0,1
1552,108.0,61,621.0,1
1552,108.0,62,632.0,1
1552,108.0,63,648.0,1
1552,108.0,64,660.0,2
1552,144.0,70,1065.0,1
1552,186.0,64,909.0,1
1552,186.0,65,919.0,2
1552,198.0,67,1006.0,1
1552,198.0,68,1014.0,2
1552,336.0,78,1117.0,1
1584,18.0,54,945.0,1
1584,54.0,75,869.5,1
1584,108.0,64,640.0,2
1584,108.0,65,658.0,1
1584,114.0,66,670.5,1
1584,114.0,67,679.5,1
1584,174.0,49,1065.0,1
1584,192.0,65,867.5,1
1584,192.0,66,874.5,1
1584,198.0,68,1001.0,2
1584,198.0,69,1017.0,1
1584,228.0,79,869.5,1
1584,300.0,76,819.0,1
1584,300.0,77,827.0,1
1584,300.0,78,833.0,1
1584,348.0,73,1056.5,1
1616,12.0,59,900.0,1
1616,12.0,60,911.0,1
1616,78.0,66,608.0,1
1616,78.0,67,618.0,1
1616,78.0,68,632.0,1
1616,78.0,69,643.0,1
1616,78.0,70,651.0,1
1616,90.0,62,575.0,1
1616,90.0,63,587.0,1
1616,90.0,64,605.0,1
1616,120.0,72,732.0,1
1616,162.0,78,1329.0,1
1616,204.0,69,984.0,1
1616,300.0,63,822.0,1
1616,354.0,63,1053.0,1
1648,12.0,64,874.0,1
1648,12.0,65,882.0,1
1648,30.0,74,1048.0,1
1648,30.0,75,1055.0,1
1648,30.0,76,1065.0,1
1648,30.0,77,1080.0,1
1648,42.0,80,1137.0,1
1648,60.0,70,779.0,1
1648,60.0,71,785.0,1
1648,60.0,72,794.0,1
1648,60.0,73,805.0,1
1648,66.0,67,696.0,1
1648,66.0,68,706.0,1
1648,66.0,69,718.0,1
1648,90.0,67,617.0,1
1648,90.0,68,625.0,1
1648,90.0,69,645.0,1
1648,90.0,70,660.0,1
1648,102.0,72,631.0,1
1648,102.0,73,645.0,1
1648,102.0,74,655.0,1
1648,126.0,67,662.0,1
1648,126.0,68,674.0,1
1648,126.0,69,685.0,1
1648,126.0,70,700.0,1
1648,126.0,71,709.0,1
1648,126.0,72,717.0,1
1648,126.0,73,726.0,1
1648,162.0,80,1327.0,1
1680,6.0,70,1072.0,1
1680,12.0,60,923.0,1
1680,66.0,70,732.0,1
1680,114.0,72,700.0,1
1680,114.0,73,721.0,1
1680,132.0,71,774.0,1
1680,138.0,81,957.0,1
1680,162.0,87,1347.0,1
1680,198.0,65,851.0,1
1680,198.0,66,864.0,1
1680,318.0,81,1053.0,1
1680,318.0,82,1062.0,1
1712,12.0,64,911.0,1
1712,12.0,65,919.0,1
1712,12.0,66,926.0,1
1712,12.0,67,933.0,1
1712,12.0,68,939.0,1
1712,30.0,80,1110.0,1
1712,48.0,65,812.0,1
1712,126.0,61,710.0,1
1712,126.0,62,720.0,1
1712,126.0,63,738.0,1
1712,126.0,64,748.0,1
1744,30.0,72,1158.0,1
1744,138.0,63,869.5,1
1744,198.0,54,850.0,1
1744,198.0,55,857.0,2
1744,198.0,56,866.0,1
1744,204.0,55,897.0,2
1744,222.0,62,785.0,1
1744,318.0,83,1074.0,1
1744,336.0,93,1108.0,1
1744,336.0,94,1121.0,1
1744,342.0,88,1131.5,1
1776,0.0,59,1076.0,1
1776,6.0,60,917.0,1
1776,6.0,61,927.0,1
1776,90.0,60,621.5,1
1776,102.0,61,624.5,1
1776,210.0,53,673.0,1
1776,210.0,54,685.0,1
1776,210.0,55,694.0,1
1776,342.0,86,1092.5,1
1776,342.0,87,1103.5,1
1808,18.0,61,920.0,1
1808,18.0,62,936.0,1
1808,18.0,63,955.0,1
1808,30.0,75,1141.5,1
1808,42.0,73,842.0,1
1808,168.0,72,1307.5,1
1808,186.0,57,1004.0,2
1808,210.0,59,671.0,1
1808,210.0,60,685.0,1
1808,210.0,61,696.0,1
1808,222.0,58,570.0,1
1808,228.0,54,543.0,1
1808,348.0,79,1044.5,1
1840,18.0,56,993.0,1
1840,36.0,69,911.0,1
1840,78.0,62,573.0,1
1840,186.0,57,1016.0,2
1840,204.0,61,917.0,1
1840,210.0,50,682.0,1
1840,228.0,57,543.0,1
1840,228.0,58,549.0,1
1840,258.0,65,644.0,1
1840,264.0,66,635.0,1
1840,276.0,70,693.0,1
1840,282.0,63,735.5,1
1840,288.0,55,783.0,1
1840,288.0,56,790.0,1
1840,342.0,77,1050.5,1
1840,348.0,70,1018.0,1
1840,348.0,71,1025.0,1
1840,354.0,67,1037.5,1
1872,30.0,87,1105.0,1
1872,30.0,88,1120.0,1
1872,30.0,89,1129.0,1
1872,30.0,90,1143.0,1
1872,114.0,62,628.0,1
1872,210.0,52,645.5,1
1872,210.0,53,657.5,1
1872,228.0,60,524.0,1
1872,228.0,61,534.0,1
1872,228.0,62,549.0,1
1872,228.0,63,557.0,1
1872,228.0,64,567.0,1
1872,252.0,61,623.5,1
1872,270.0,59,645.0,1
1872,300.0,68,863.0,1
1872,354.0,65,1003.0,1
1904,6.0,68,932.5,1
1904,132.0,76,871.0,1
1904,210.0,46,631.0,1
1904,210.0,47,639.0,1
1904,222.0,53,537.0,1
1904,312.0,84,1042.0,1
1904,342.0,77,948.0,1
1904,348.0,73,998.0,1
1936,12.0,61,880.0,1
1936,12.0,62,887.0,1
1936,12.0,63,895.0,1
1936,12.0,64,909.0,1
1936,24.0,69,1112.0,1
1936,24.0,70,1121.0,2
1936,30.0,74,1095.0,1
1936,30.0,75,1102.0,1
1936,30.0,76,1109.0,1
1936,120.0,62,655.0,1
1936,174.0,62,1257.0,1
1936,174.0,63,1266.0,1
1936,210.0,43,621.0,1
1936,222.0,48,539.0,2
1936,234.0,47,509.0,1
1936,336.0,71,924.0,1
1936,336.0,72,931.0,1
1968,12.0,59,900.0,1
1968,12.0,60,906.0,1
1968,24.0,70,1111.0,2
1968,24.0,71,1121.0,1
1968,66.0,64,541.0,1
1968,132.0,71,781.0,1
1968,132.0,72,798.0,1
1968,132.0,73,810.0,1
1968,132.0,74,819.0,1
1968,222.0,48,530.0,2
1968,228.0,48,515.0,2
1968,228.0,49,525.0,1
1968,330.0,72,922.0,1
1968,336.0,73,913.0,1
1968,336.0,74,920.0,1
2000,0.0,75,1012.0,1
2000,54.0,58,635.0,1
2000,84.0,55,458.0,1
2000,90.0,50,464.0,1
2000,120.0,64,647.0,1
2000,192.0,50,836.0,1
2000,192.0,51,848.0,1
2000,330.0,88,913.0,2
2000,330.0,89,923.0,2
2000,336.0,72,922.0,1
2000,342.0,80,950.0,1
2000,348.0,73,961.0,1
2000,348.0,74,970.0,1
2000,348.0,75,978.0,1
2032,6.0,58,903.0,1
2032,54.0,61,739.0,1
2032,108.0,52,596.0,1
2032,120.0,54,562.0,1
2032,120.0,55,570.0,1
2032,120.0,56,582.0,1
2032,120.0,57,593.0,1
2032,120.0,58,619.0,1
2032,120.0,59,626.0,1
2032,120.0,60,637.0,1
2032,120.0,61,646.0,2
2032,120.0,62,657.0,1
2032,126.0,61,660.0,2
2032,132.0,54,776.0,1
2032,234.0,53,502.0,2
2032,234.0,54,530.0,1
2032,330.0,87,910.0,1
2032,330.0,88,917.0,2
2032,330.0,89,928.0,2
2032,330.0,90,943.0,1
2032,336.0,78,939.0,1
2032,342.0,77,963.0,1
2032,348.0,69,977.0,1
2032,348.0,70,983.0,1
2032,348.0,71,990.0,1
2032,348.0,72,998.0,1
2064,0.0,41,855.5,1
2064,0.0,42,866.5,1
2064,0.0,43,875.5,1
2064,0.0,44,895.5,1
2064,0.0,45,908.5,1
2064,30.0,70,930.5,1
2064,30.0,71,939.5,1
2064,48.0,52,739.0,1
2064,150.0,62,926.5,1
2064,156.0,60,1073.0,1
2064,180.0,55,1209.0,1
2064,234.0,53,465.0,2
2064,246.0,60,538.0,1
2064,246.0,61,547.0,1
2064,246.0,62,562.0,1
2064,258.0,66,616.0,1
2064,324.0,78,990.0,2
2064,330.0,78,1002.0,2
2064,354.0,65,984.5,1
2096,6.0,55,947.0,1
2096,24.0,70,1090.0,1
2096,30.0,79,895.0,1
2096,30.0,80,910.0,1
2096,30.0,81,921.0,1
2096,30.0,82,930.0,1
2096,30.0,83,948.0,1
2096,90.0,57,697.0,1
2096,144.0,59,934.0,1
2096,204.0,67,863.0,1
2096,204.0,68,880.0,1
2096,216.0,60,674.0,1
2096,216.0,61,691.0,1
2096,222.0,53,576.0,1
2096,306.0,94,1113.0,1
2096,324.0,79,990.0,1
2096,324.0,80,998.0,1
2096,324.0,81,1008.0,1
2096,336.0,76,1014.0,1
2096,336.0,77,1020.0,1
2128,12.0,51,1061.5,1
2128,12.0,52,1068.5,1
2128,78.0,57,732.0,1
2128,96.0,57,678.0,1
2128,114.0,59,722.0,1
2128,144.0,62,925.0,1
2128,204.0,76,892.0,1
2128,204.0,77,899.0,1
2128,222.0,61,606.0,1
2128,228.0,57,543.0,1
2128,282.0,58,514.0,1
2128,354.0,56,856.5,1
2128,354.0,57,864.5,1
2128,354.0,58,882.5,1
2160,24.0,87,1088.0,1
2160,60.0,52,726.0,1
2160,138.0,53,885.0,1
2160,150.0,68,972.0,1
2160,222.0,57,614.0,1
2160,222.0,58,622.0,1
2160,222.0,59,639.0,1
2160,312.0,82,1180.0,1
2160,318.0,85,1182.0,1
2160,336.0,90,1071.0,1
2160,342.0,87,1047.0,1
2160,342.0,88,1058.0,1
2160,354.0,61,889.0,1
2192,24.0,62,1069.0,1
2192,24.0,63,1082.0,1
2192,66.0,62,771.0,1
2192,204.0,72,896.0,1
2192,204.0,73,907.0,1
2192,210.0,66,899.5,1
2192,258.0,51,466.5,1
2192,270.0,48,465.5,1
2192,294.0,62,692.0,1
2192,318.0,88,1197.0,1
2192,354.0,52,899.5,1
2224,6.0,50,1010.0,1
2224,18.0,61,1096.0,1
2224,36.0,52,940.0,1
2224,312.0,95,1185.0,1
2224,312.0,96,1196.0,1
2256,0.0,50,945.0,1
2256,6.0,55,987.0,1
2256,6.0,56,995.0,1
2256,48.0,61,810.0,2
2256,144.0,62,900.0,1
2256,150.0,64,987.0,1
2256,156.0,58,1058.0,1
2256,168.0,60,1286.0,1
2256,168.0,61,1293.0,1
2256,228.0,59,571.0,2
2256,264.0,54,470.0,1
2256,324.0,92,1133.0,1
2256,330.0,83,1063.0,1
2256,330.0,84,1072.0,1
2256,348.0,65,840.0,1
2288,6.0,47,976.0,1
2288,6.0,48,982.0,1
2288,6.0,49,989.0,1
2288,12.0,57,1037.0,1
2288,12.0,58,1046.0,1
2288,18.0,63,1092.0,1
2288,18.0,64,1101.0,1
2288,48.0,62,811.0,1
2288,60.0,62,812.0,1
2288,60.0,63,826.0,1
2288,132.0,61,703.0,1
2288,150.0,72,987.5,1
2288,150.0,73,1013.5,1
2288,174.0,65,1264.5,1
2288,228.0,59,584.0,2
2288,294.0,62,701.0,1
2288,318.0,84,1154.0,1
2288,318.0,85,1171.0,1
2288,348.0,58,844.0,1
2288,354.0,52,864.0,1
2288,354.0,53,876.0,1
2288,354.0,54,882.0,1
2320,18.0,56,1114.0,1
2320,24.0,69,1139.5,1
2320,24.0,70,1146.5,1
2320,54.0,58,785.0,1
2320,60.0,65,901.5,1
2320,90.0,64,652.0,1
2320,138.0,56,714.0,1
2320,138.0,57,721.0,1
2320,138.0,58,728.0,1
2320,138.0,59,735.0,1
2320,138.0,60,748.0,1
2320,186.0,63,1321.0,1
2320,216.0,62,703.0,1
2320,216.0,63,716.0,1
2320,246.0,56,525.0,1
2320,282.0,58,526.0,1
2320,288.0,59,589.0,1
2320,336.0,66,879.0,1
2320,336.0,67,885.0,1
2320,336.0,68,896.0,2
2352,12.0,54,1138.5,1
2352,30.0,72,1072.5,1
2352,252.0,45,510.0,1
2352,294.0,68,812.0,1
2352,330.0,66,883.0,1
2352,336.0,68,887.5,2
2352,336.0,69,896.5,1
2384,54.0,60,864.0,1
2384,168.0,74,1358.0,1
2384,246.0,56,546.0,1
2384,252.0,57,533.5,1
2384,276.0,56,544.5,1
2384,288.0,61,679.0,1
2384,330.0,65,858.5,1
2416,0.0,51,1026.0,1
2416,24.0,72,1134.5,1
2416,30.0,65,1038.0,1
2416,36.0,68,914.0,1
2416,36.0,69,923.0,1
2416,36.0,70,934.0,1
2416,36.0,71,944.0,1
2416,36.0,72,953.0,1
2416,36.0,73,961.0,1
2416,42.0,67,844.0,1
2416,84.0,76,781.0,1
2416,84.0,77,787.0,1
2416,144.0,72,841.0,1
2416,180.0,60,1286.5,1
2416,228.0,63,630.0,1
2416,240.0,55,598.0,1
2416,270.0,61,517.0,1
2416,300.0,75,1028.0,1
2416,324.0,60,1031.0,1
2448,96.0,65,780.0,1
2448,210.0,65,875.5,1
2448,306.0,89,1128.0,1
2448,336.0,61,925.0,1
2448,336.0,62,935.0,1
2480,6.0,70,1145.0,1
2480,24.0,69,1053.0,1
2480,24.0,70,1059.0,1
2480,24.0,72,1080.0,1
2480,138.0,62,728.0,1
2480,276.0,62,572.0,1
2480,288.0,65,720.0,1
2480,312.0,80,1141.0,1
2480,312.0,81,1150.0,1
2480,324.0,78,1063.0,1
2480,336.0,72,961.0,1
2480,354.0,69,962.0,1
2480,354.0,70,977.0,1
2512,6.0,62,1167.5,1
2512,6.0,63,1181.5,1
2512,6.0,64,1187.5,1
2512,12.0,66,1206.5,1
2512,138.0,56,739.0,1
2512,138.0,57,748.0,1
2512,138.0,58,757.0,1
2512,138.0,59,768.0,1
2512,144.0,64,790.0,1
2512,168.0,74,1322.0,1
2512,240.0,65,651.0,1
2512,246.0,63,603.0,1
2512,264.0,67,556.5,1
2512,282.0,71,618.5,1
2544,144.0,62,834.0,1
2544,186.0,70,1288.5,1
2544,186.0,71,1298.5,1
2544,186.0,72,1305.5,1
2544,186.0,73,1314.5,1
2544,186.0,74,1325.5,1
2544,186.0,75,1338.5,1
2544,186.0,76,1347.5,1
2544,246.0,73,614.0,1
2544,252.0,65,593.0,2
2544,258.0,65,581.0,2
2544,318.0,77,1118.5,1
2544,330.0,80,1049.0,1
2544,330.0,81,1075.0,1
2576,126.0,78,801.0,1
2576,168.0,86,1269.5,1
2576,216.0,65,846.0,1
2576,312.0,78,1115.0,1
2576,312.0,79,1123.0,1
2576,318.0,84,1117.5,1
2576,330.0,86,1100.0,1
2576,336.0,75,1026.0,1
2576,336.0,76,1040.0,1
2608,168.0,82,1268.0,1
2608,216.0,62,851.0,1
2608,246.0,61,656.0,1
2608,294.0,65,765.0,1
2608,294.0,66,771.0,1
2608,318.0,81,1147.0,1
2608,336.0,72,1040.0,1
2608,336.0,73,1052.0,1
2640,12.0,97,1300.0,1
2640,12.0,98,1306.0,1
2640,156.0,79,1073.0,1
2640,156.0,80,1081.0,1
2640,162.0,69,1061.0,1
2640,168.0,62,1284.0,1
2640,294.0,67,829.0,1
2640,318.0,84,1116.0,1
2640,330.0,73,1116.0,1
2672,42.0,84,912.0,1
2672,336.0,59,1137.0,1
2672,336.0,60,1148.0,1
2672,342.0,64,1119.0,1
2704,30.0,93,1064.0,1
2704,114.0,75,783.0,2
2704,120.0,75,796.0,2
2704,120.0,76,802.0,1
2704,132.0,78,835.0,1
2704,174.0,81,1326.0,1
2704,300.0,72,931.0,1
2704,348.0,63,1144.0,1
2704,348.0,64,1168.0,1
2736,30.0,84,1050.0,1
2736,30.0,85,1056.0,1
2736,30.0,86,1065.0,1
2736,30.0,87,1073.0,1
2736,132.0,79,849.0,1
2736,168.0,77,1250.0,1
2736,216.0,60,867.5,1
2736,222.0,72,814.0,1
2736,300.0,59,889.0,1
2736,300.0,60,907.0,1
2736,312.0,59,1001.5,1
2736,318.0,66,1046.0,1
2736,318.0,67,1054.0,1
2736,318.0,68,1061.0,1
2768,30.0,93,1062.0,1
2768,30.0,94,1076.0,1
2768,120.0,72,799.0,1
2768,138.0,83,879.0,1
2768,168.0,73,1236.0,1
2768,306.0,73,932.0,1
2768,354.0,77,1224.0,1
2800,12.0,82,1305.0,1
2800,24.0,92,1129.0,1
2800,24.0,93,1139.0,1
2800,48.0,79,901.5,1
2800,108.0,72,771.0,1
2800,198.0,88,1247.0,1
2800,318.0,76,1024.0,1
2800,336.0,72,1134.0,1
2800,336.0,73,1147.0,1
2800,348.0,71,1198.0,1
2832,126.0,67,794.0,1
2832,144.0,86,929.0,1
2832,144.0,87,935.0,1
2832,150.0,79,892.0,1
2832,300.0,68,848.5,1
2832,318.0,59,902.0,1
2832,318.0,60,911.0,1
2832,324.0,57,1054.0,1
2864,24.0,73,1192.0,2
2864,48.0,76,913.0,1
2864,144.0,78,914.0,1
2864,144.0,79,924.0,1
2864,264.0,52,625.5,1
2864,264.0,53,637.5,1
2864,288.0,47,625.5,1
2864,312.0,61,872.0,1
2864,324.0,71,1051.0,1
2896,12.0,89,1339.5,1
2896,24.0,73,1185.0,2
2896,66.0,80,890.0,1
2896,66.0,81,896.0,1
2896,150.0,76,967.0,1
2896,294.0,53,648.0,1
2896,294.0,54,654.0,1
2896,324.0,68,991.5,1
2896,324.0,69,1005.5,1
2896,324.0,70,1028.5,1
2928,18.0,81,1284.0,1
2928,66.0,86,911.0,1
2928,144.0,81,935.0,1
2928,258.0,54,630.0,1
2928,282.0,59,591.0,1
2928,288.0,50,597.0,1
2928,300.0,52,647.0,1
2928,306.0,55,701.0,1
2928,306.0,56,707.0,1
2928,324.0,64,983.0,2
2928,324.0,65,996.0,1
2960,54.0,79,930.5,2
2960,60.0,83,918.0,1
2960,84.0,72,828.0,1
2960,210.0,67,1062.0,1
2960,252.0,54,690.0,1
2960,264.0,50,637.0,1
2960,282.0,52,604.0,1
2960,282.0,53,613.0,1
2960,312.0,66,780.0,1
2960,324.0,64,996.0,2
2992,54.0,79,910.0,2
2992,60.0,75,896.0,1
2992,216.0,64,864.0,1
2992,216.0,65,872.0,1
2992,216.0,66,880.0,1
3024,0.0,54,1179.5,1
3024,0.0,55,1186.5,1
3024,48.0,78,916.5,1
3024,54.0,82,928.5,2
3024,60.0,83,916.0,1
3024,324.0,55,953.0,1
3024,324.0,56,964.0,1
3056,30.0,65,1008.0,1
3056,48.0,73,924.0,1
3056,54.0,82,936.0,2
3056,60.0,88,923.0,1
3056,162.0,86,1101.5,1
3056,174.0,80,1233.5,1
3056,198.0,83,1236.0,1
3056,216.0,68,929.0,1
3056,216.0,69,939.0,1
3056,306.0,47,727.0,1
3056,318.0,60,834.0,1
3056,318.0,61,844.0,1
3056,324.0,68,938.0,1
3056,324.0,69,950.0,1
3056,354.0,50,1171.0,1
3088,24.0,78,1129.0,1
3088,30.0,61,1004.0,1
3088,48.0,78,955.0,2
3088,54.0,82,930.0,2
3088,60.0,82,908.0,2
3088,60.0,83,915.0,1
3088,78.0,72,836.0,1
3088,120.0,67,777.5,1
3088,126.0,65,795.5,1
3088,240.0,42,739.0,1
3088,342.0,62,1000.0,1
3088,342.0,63,1010.0,1
3088,348.0,51,1108.0,1
3088,348.0,52,1114.0,1
3120,48.0,78,978.0,2
3120,54.0,93,953.0,2
3120,54.0,94,959.0,2
3120,60.0,93,925.0,2
3120,60.0,94,937.0,2
3120,120.0,72,790.0,1
3120,126.0,75,806.0,1
3120,342.0,53,995.0,1
3120,342.0,54,1011.0,1
3152,126.0,81,818.0,1
3152,126.0,82,825.0,1
3152,162.0,76,1043.0,1
3152,198.0,76,1205.0,1
3152,198.0,77,1215.0,1
3152,264.0,53,652.0,1
3152,264.0,54,658.0,1
3152,342.0,57,1001.0,1
3184,126.0,79,799.5,1
3184,162.0,72,1009.0,1
3184,240.0,51,756.0,1
3184,240.0,52,764.0,1
3216,6.0,67,1276.0,1
3216,18.0,76,1316.0,1
3216,144.0,75,905.0,1
3216,240.0,55,747.0,1
3216,270.0,49,651.0,1
3216,276.0,50,593.0,1
3216,282.0,54,614.0,1
3216,282.0,55,629.0,1
3216,282.0,56,639.0,1
3216,288.0,44,620.0,1
3216,288.0,45,626.0,1
3216,330.0,60,872.0,1
3248,0.0,66,1170.0,1
3248,66.0,82,913.0,1
3248,66.0,83,921.0,1
3248,168.0,74,1074.0,1
3248,198.0,60,1198.0,1
3248,198.0,61,1212.0,1
3248,234.0,51,737.0,1
3248,234.0,52,748.0,1
3248,264.0,48,643.0,1
3248,264.0,49,652.0,1
3248,264.0,50,658.0,1
3248,288.0,48,659.0,1
3248,288.0,49,665.0,1
3248,318.0,59,791.0,1
3280,0.0,61,1142.0,1
3280,72.0,86,877.0,1
3280,138.0,77,870.5,2
3280,144.0,78,888.0,1
3280,198.0,69,1186.5,2
3280,204.0,63,1101.5,1
3280,204.0,64,1110.5,1
3280,204.0,65,1123.5,1
3280,204.0,66,1130.5,1
3280,204.0,67,1142.5,1
3280,204.0,68,1161.5,1
3280,204.0,69,1181.5,2
3280,204.0,70,1193.5,1
3280,228.0,51,720.0,1
3280,228.0,52,728.0,1
3280,228.0,53,736.0,1
3280,228.0,54,751.0,1
3280,228.0,55,769.0,1
3280,234.0,41,781.0,1
3280,240.0,49,782.0,1
3280,246.0,53,739.0,1
3280,312.0,48,761.0,1
3280,312.0,49,767.0,1
3280,330.0,56,841.5,1
3280,336.0,47,938.5,1
3280,336.0,48,951.5,1
3280,354.0,57,1154.0,1
3280,354.0,58,1166.0,1
3280,354.0,59,1173.0,1
3312,42.0,87,1045.0,1
3312,138.0,77,877.0,2
3312,144.0,72,923.0,1
3312,150.0,74,928.0,1
3312,330.0,62,814.0,1
3344,96.0,83,772.0,1
3344,108.0,83,770.0,1
3344,228.0,57,786.0,1
3344,228.0,58,801.0,1
3344,294.0,53,679.0,1
3344,354.0,70,1074.0,1
3344,354.0,71,1083.0,1
3376,6.0,74,1269.0,1
3376,12.0,78,1273.0,1
3376,78.0,72,829.0,1
3376,78.0,73,836.0,1
3376,96.0,79,762.0,1
3376,144.0,74,902.0,1
3376,174.0,62,1037.0,1
3376,228.0,59,821.0,1
3376,228.0,60,829.0,1
3376,318.0,55,712.0,1
3376,348.0,49,1056.0,1
3376,348.0,50,1072.0,1
3376,354.0,62,1073.0,1
3376,354.0,63,1082.0,1
3408,90.0,80,812.0,1
3408,150.0,74,967.5,1
3408,174.0,66,1045.5,1
3408,228.0,56,844.5,1
3408,270.0,54,761.0,1
3408,270.0,55,777.0,1
3408,330.0,60,877.5,1
3408,354.0,59,1035.0,2
3440,24.0,93,1212.5,1
3440,24.0,94,1219.5,1
3440,24.0,95,1235.5,1
3440,102.0,79,800.0,1
3440,162.0,83,1039.0,1
3440,186.0,68,1269.0,1
3440,186.0,69,1275.0,1
3440,204.0,63,1151.0,1
3440,228.0,62,859.0,1
3440,240.0,59,750.0,1
3440,240.0,60,759.0,1
3440,240.0,61,765.0,1
3440,246.0,55,723.0,1
3440,282.0,58,834.0,1
3440,306.0,65,695.5,1
3440,348.0,62,980.0,1
3440,348.0,63,992.0,1
3440,354.0,57,1000.0,1
3440,354.0,58,1015.0,1
3440,354.0,59,1047.0,2
3472,84.0,83,827.0,1
3472,102.0,82,769.0,1
3472,162.0,79,1039.0,1
3472,234.0,60,816.0,1
3472,234.0,61,823.0,1
3472,270.0,59,875.0,1
3472,330.0,56,781.0,1
3472,330.0,57,797.0,1
3472,330.0,58,817.0,1
3472,330.0,59,827.0,1
3472,342.0,59,769.0,1
3472,342.0,60,786.0,1
3504,174.0,82,1126.5,1
3504,192.0,66,1293.0,1
3504,330.0,70,754.0,1
3504,330.0,71,764.0,1
3504,336.0,57,765.0,1
3504,348.0,64,885.0,1
3536,42.0,62,1025.5,1
3536,42.0,63,1033.5,1
3536,96.0,77,833.0,1
3536,180.0,78,1279.0,1
3536,186.0,94,1341.0,1
3536,204.0,68,1094.0,1
3536,204.0,69,1104.0,1
3536,204.0,70,1119.0,1
3536,234.0,67,895.0,1
3536,270.0,66,832.0,1
3536,270.0,67,839.0,1
3536,270.0,68,849.0,1
3536,348.0,61,1033.5,1
3536,354.0,81,1121.5,1
3536,354.0,82,1155.5,1
3568,0.0,74,1298.5,1
3568,42.0,64,1019.0,1
3568,138.0,80,867.5,1
3568,204.0,77,1101.5,1
3568,204.0,78,1109.5,1
3568,204.0,79,1129.5,1
3568,204.0,80,1142.5,1
3568,210.0,63,1004.5,1
3568,216.0,53,957.5,1
3568,234.0,62,923.5,1
3568,270.0,55,856.0,1
3568,312.0,47,718.0,1
3568,312.0,48,728.0,1
3568,318.0,36,688.0,1
3568,318.0,37,709.0,1
3568,348.0,70,1073.0,1
3600,6.0,83,1284.5,1
3600,24.0,71,1091.0,1
3600,24.0,72,1099.0,1
3600,30.0,59,964.0,1
3600,30.0,60,971.0,1
3600,30.0,61,981.0,1
3600,36.0,64,969.5,1
3600,42.0,55,1016.0,1
3600,132.0,81,845.0,1
3600,138.0,74,876.0,1
3600,174.0,74,1129.5,1
3600,198.0,83,1222.0,1
3600,198.0,84,1231.0,1
3600,198.0,85,1246.0,1
3600,210.0,64,1009.0,1
3600,270.0,59,850.0,1
3600,318.0,43,689.0,1
3600,342.0,59,941.0,1
3632,18.0,74,1176.5,1
3632,18.0,75,1186.5,1
3632,30.0,73,1017.5,2
3632,30.0,74,1025.5,1
3632,36.0,73,997.0,2
3632,96.0,61,837.0,1
3632,102.0,72,827.0,1
3632,108.0,69,825.0,1
3632,126.0,74,851.0,1
3632,132.0,79,853.5,1
3632,132.0,80,869.5,1
3632,144.0,76,905.0,1
3632,156.0,81,1058.0,1
3632,174.0,86,1127.0,1
3632,186.0,76,1320.0,1
3632,222.0,59,773.0,1
3632,222.0,60,781.0,1
3632,288.0,66,834.5,1
3632,294.0,55,832.5,1
3632,306.0,41,748.5,1
3632,318.0,55,720.0,1
3632,324.0,50,749.0,1
3632,324.0,51,764.0,1
3632,330.0,58,791.0,1
3632,330.0,59,812.0,1
3632,342.0,52,1018.0,1
3664,138.0,71,881.0,1
3664,144.0,65,924.5,1
3664,162.0,80,1121.0,1
3664,174.0,68,1172.0,1
3664,228.0,57,884.0,1
3664,288.0,58,811.0,1
3664,324.0,42,807.0,1
3664,324.0,43,815.0,1
3664,342.0,63,1037.5,1
3696,132.0,70,877.0,1
3696,138.0,69,914.0,1
3696,144.0,77,930.0,1
3696,156.0,79,1081.0,1
3696,186.0,69,1264.0,1
3696,186.0,70,1279.0,1
3696,198.0,84,1199.0,1
3696,228.0,70,861.0,1
3696,228.0,71,867.0,1
3696,228.0,72,874.0,1
3696,294.0,55,808.5,1
3696,342.0,53,1020.0,1
3728,114.0,71,840.5,1
3728,150.0,77,1020.5,1
3728,156.0,73,1085.0,1
3728,168.0,81,1188.5,1
3728,204.0,84,1042.0,1
3728,204.0,85,1055.0,1
3728,204.0,86,1067.0,1
3728,204.0,87,1074.0,1
3728,270.0,72,832.0,1
3728,282.0,75,816.0,1
3728,288.0,68,810.0,1
3728,318.0,53,839.0,1
3728,318.0,54,864.0,1
3760,24.0,76,1091.0,1
3760,36.0,67,943.0,1
3760,138.0,69,899.0,1
3760,150.0,83,1016.0,1
3760,162.0,78,1135.0,1
3760,204.0,78,1057.0,1
3760,270.0,62,842.0,1
3760,276.0,63,831.0,1
3760,282.0,64,822.0,1
3760,288.0,63,816.0,1
3760,342.0,69,1055.0,1
3760,348.0,77,1085.0,1
3792,138.0,70,904.0,1
3792,144.0,62,964.0,1
3792,150.0,74,1024.0,1
3792,150.0,75,1035.0,1
3792,228.0,74,914.0,1
3792,348.0,78,1066.0,1
3792,348.0,79,1073.0,1
3824,90.0,90,841.0,2
3824,90.0,91,847.0,2
3824,96.0,90,827.0,2
3824,96.0,91,834.0,2
3824,138.0,66,898.5,1
3824,144.0,63,963.5,1
3824,150.0,76,1042.5,1
3824,156.0,80,1114.5,1
3824,198.0,61,1076.0,1
3824,198.0,62,1085.0,1
3824,204.0,64,1043.5,1
3824,282.0,64,805.0,1
3824,306.0,84,830.0,1
3824,324.0,66,803.0,1
3856,36.0,67,948.5,1
3856,90.0,81,834.0,1
3856,90.0,82,844.0,1
3856,144.0,64,950.0,1
3856,150.0,62,1027.5,1
3856,162.0,65,1175.0,1
3856,222.0,59,905.0,1
3856,324.0,72,842.0,1
3856,324.0,73,848.0,1
3856,324.0,74,855.0,1
3856,324.0,75,864.0,1
3856,336.0,85,990.0,1
3856,348.0,91,1092.0,1
3888,36.0,95,942.0,1
3888,36.0,96,949.0,1
3888,150.0,59,1040.0,1
3888,162.0,71,1205.0,1
3888,168.0,68,1237.0,1
3888,174.0,61,1257.0,1
3888,192.0,60,1141.0,1
3888,222.0,67,969.0,1
3920,132.0,71,793.0,1
3920,198.0,68,1055.0,1
3920,198.0,69,1064.0,1
3920,204.0,72,1018.0,1
3920,204.0,73,1028.0,1
3920,216.0,67,880.5,1
3920,276.0,74,809.0,1
3952,12.0,74,1276.5,1
3952,12.0,75,1311.5,1
3952,36.0,65,917.0,1
3952,36.0,66,936.0,1
3952,42.0,76,913.0,1
3952,162.0,71,1226.0,1
3952,174.0,80,1265.0,1
3952,210.0,40,847.0,1
3952,240.0,72,931.0,1
3952,294.0,76,781.0,1
3984,156.0,68,1110.0,1
3984,264.0,74,844.0,1
3984,270.0,71,823.0,1
3984,330.0,79,949.5,1
3984,330.0,80,962.5,2
4016,234.0,66,950.0,1
4016,240.0,73,829.5,1
4016,240.0,74,846.5,1
4016,240.0,75,854.5,1
4016,240.0,76,866.5,1
4016,240.0,77,883.5,1
4016,270.0,69,817.5,2
4016,330.0,80,927.0,2
4016,330.0,81,950.0,1
4016,348.0,73,1174.0,1
4016,348.0,74,1180.0,1
4048,48.0,69,885.0,1
4048,132.0,70,831.0,1
4048,132.0,71,838.0,1
4048,132.0,72,844.0,1
4048,174.0,55,1199.0,1
4048,234.0,73,974.0,1
4048,240.0,66,858.0,1
4048,240.0,67,873.0,1
4048,240.0,68,882.0,1
4048,246.0,76,909.0,1
4048,252.0,80,883.0,1
4048,264.0,61,846.0,1
4048,270.0,69,835.0,2
4048,276.0,76,825.0,1
4048,282.0,67,815.0,1
4080,42.0,60,875.0,1
4080,42.0,61,884.0,1
4080,48.0,54,864.0,1
4080,54.0,62,872.0,1
4080,60.0,47,831.0,1
4080,60.0,48,855.0,1
4080,186.0,56,1087.5,1
4080,210.0,57,864.0,1
4080,210.0,58,879.0,1
4080,246.0,71,828.0,1
4080,258.0,68,836.0,1
4080,264.0,70,823.0,1
4080,270.0,74,813.0,1
4080,270.0,75,819.0,1
4080,276.0,65,818.0,1
4080,282.0,70,812.0,1
4080,288.0,77,799.5,1
4080,330.0,76,959.0,1
4080,348.0,81,1178.0,1
4112,30.0,68,1014.5,1
4112,60.0,54,848.5,1
4112,66.0,48,833.0,1
4112,174.0,67,1214.0,1
4112,210.0,54,914.0,1
4112,210.0,55,923.0,1
4112,270.0,62,757.0,1
4112,270.0,63,763.0,1
4112,270.0,64,775.0,1
4112,270.0,66,803.0,1
4112,282.0,73,801.0,1
4112,288.0,81,794.0,1
4112,306.0,72,822.0,1
4112,318.0,69,865.5,1
4112,324.0,78,903.0,1
4144,48.0,68,818.0,1
4144,48.0,69,825.0,1
4144,48.0,70,836.0,1
4144,48.0,71,857.0,1
4144,138.0,68,812.0,1
4144,138.0,69,818.0,1
4144,210.0,64,926.0,1
4144,234.0,78,956.0,1
4144,276.0,69,789.0,1
4144,282.0,79,792.0,1
4144,288.0,76,798.0,1
4144,294.0,88,802.0,1
4144,312.0,73,840.0,1
4176,54.0,64,813.0,1
4176,54.0,65,821.0,1
4176,240.0,73,905.0,1
4176,270.0,66,785.0,1
4176,276.0,77,785.0,1
4176,282.0,84,795.0,1
4176,288.0,71,808.5,1
4176,312.0,89,862.0,1
4208,210.0,74,963.0,1
4208,210.0,75,982.0,1
4208,210.0,76,997.0,1
4208,264.0,79,784.0,1
4208,282.0,86,780.0,1
4208,288.0,78,795.0,1
4208,294.0,80,813.0,1
4208,306.0,88,847.5,2
4240,18.0,80,973.0,1
4240,18.0,81,989.0,1
4240,18.0,82,1001.0,1
4240,18.0,83,1013.0,1
4240,30.0,71,948.0,1
4240,132.0,69,832.0,1
4240,156.0,88,1132.0,1
4240,210.0,77,1090.0,1
4240,222.0,93,930.0,1
4240,222.0,94,941.0,1
4240,264.0,78,785.0,1
4240,288.0,76,786.0,1
4240,288.0,77,800.0,2
4240,294.0,82,788.0,1
4240,294.0,83,800.0,1
4240,294.0,84,820.0,1
4240,306.0,86,842.0,1
4240,306.0,87,849.0,1
4240,306.0,88,857.0,2
4240,312.0,92,866.0,1
4240,312.0,93,882.0,1
4240,318.0,94,912.0,1
4240,324.0,89,945.0,1
4240,324.0,90,959.0,1
4272,42.0,75,907.5,1
4272,120.0,71,828.0,1
4272,120.0,72,840.0,1
4272,132.0,62,847.0,1
4272,132.0,63,860.0,1
4272,138.0,74,888.0,1
4272,138.0,75,896.0,1
4272,228.0,75,968.0,1
4272,282.0,69,762.0,1
4272,288.0,77,771.0,2
4272,288.0,78,784.0,1
4272,294.0,72,801.0,1
4272,294.0,73,807.0,1
4272,306.0,81,846.0,1
4272,330.0,89,989.0,1
4272,330.0,90,999.0,1
4304,48.0,69,868.0,1
4304,54.0,70,850.0,1
4304,66.0,74,806.0,1
4304,90.0,57,731.0,1
4304,126.0,71,829.0,1
4304,126.0,72,835.0,1
4304,126.0,73,847.0,1
4304,132.0,66,868.0,2
4304,138.0,66,908.0,2
4304,138.0,67,923.0,1
4304,150.0,76,1054.0,1
4304,150.0,77,1076.0,1
4304,150.0,78,1083.0,1
4304,222.0,86,912.0,1
4304,222.0,87,927.0,1
4304,342.0,98,1086.0,1
4304,348.0,87,1165.0,1
4336,24.0,62,957.0,1
4336,24.0,63,964.0,1
4336,54.0,68,844.0,1
4336,126.0,61,833.0,1
4336,126.0,62,840.0,1
4336,150.0,70,1064.5,1
4336,150.0,71,1087.5,2
4336,192.0,77,1019.5,1
4336,342.0,95,1073.5,1
4336,348.0,89,1134.0,2
4336,348.0,90,1143.0,1
4336,348.0,91,1161.0,1
4336,354.0,82,1278.5,1
4368,24.0,71,952.0,1
4368,54.0,51,815.5,2
4368,72.0,64,770.0,1
4368,72.0,65,777.0,1
4368,72.0,66,783.0,1
4368,108.0,47,736.0,1
4368,150.0,71,1059.0,2
4368,150.0,72,1085.0,1
4368,156.0,76,1181.5,1
4368,180.0,66,1093.0,1
4368,258.0,62,717.0,1
4368,336.0,88,992.5,1
4368,342.0,93,1058.5,1
4368,348.0,88,1133.5,1
4368,348.0,89,1156.5,2
4400,24.0,59,944.0,1
4400,54.0,51,790.0,2
4400,108.0,53,717.0,1
4400,108.0,54,726.0,1
4400,108.0,55,734.0,1
4400,126.0,42,769.5,1
4400,144.0,70,875.5,1
4400,150.0,73,1030.0,1
4400,162.0,76,1169.5,1
4400,192.0,76,1022.5,1
4400,192.0,77,1028.5,1
4400,216.0,78,907.0,1
4400,216.0,79,913.0,1
4400,258.0,66,678.0,1
4400,330.0,87,948.0,1
4400,336.0,93,997.0,1
4400,342.0,86,1066.0,1
4400,348.0,78,1146.0,1
4400,348.0,79,1168.0,1
4432,114.0,50,696.5,1
4432,114.0,51,704.5,1
4432,114.0,52,715.5,1
4432,126.0,43,740.5,1
4432,144.0,54,818.5,1
4432,144.0,55,838.5,1
4432,264.0,68,685.5,1
4432,270.0,71,669.5,1
4432,270.0,72,677.5,1
4432,330.0,84,958.5,1
4432,348.0,74,1190.0,1
4464,24.0,59,935.0,1
4464,24.0,60,944.0,1
4464,114.0,48,753.0,1
4464,114.0,49,765.0,1
4464,120.0,45,732.0,1
4464,120.0,46,740.0,1
4464,126.0,50,729.0,1
4464,126.0,51,737.0,1
4464,126.0,52,744.0,1
4464,126.0,53,751.0,1
4464,126.0,54,763.0,1
4464,126.0,55,775.0,1
4464,144.0,49,838.0,1
4464,144.0,50,848.0,1
4464,144.0,51,856.0,1
4464,162.0,64,1156.5,1
4464,162.0,65,1168.5,1
4464,162.0,66,1179.5,1
4464,180.0,49,1045.5,1
4464,180.0,50,1054.5,1
4464,180.0,51,1065.5,1
4464,318.0,77,841.0,1
4464,318.0,78,854.0,1
4464,330.0,89,925.0,1
4464,342.0,78,1053.0,1
4496,174.0,58,1107.0,1
4496,174.0,59,1119.0,1
4496,318.0,86,856.0,1
4496,324.0,81,891.0,1
4528,54.0,54,693.0,1
4528,132.0,49,755.0,1
4528,132.0,50,770.0,1
4528,132.0,51,779.0,1
4528,150.0,45,924.0,1
4528,156.0,62,1208.0,1
4528,174.0,61,1134.0,1
4528,216.0,67,822.0,1
4528,324.0,76,872.0,1
4560,24.0,74,919.5,1
4560,126.0,44,743.0,1
4560,156.0,51,1151.0,1
4560,192.0,60,1018.0,1
4560,234.0,72,765.0,1
4560,234.0,73,776.0,1
4560,288.0,81,733.0,1
4560,288.0,82,740.0,1
4560,306.0,83,799.0,1
4560,336.0,80,1010.0,1
4560,348.0,71,1173.5,1
4592,156.0,69,1154.0,1
4592,168.0,54,1141.0,1
4592,168.0,55,1150.0,1
4592,168.0,56,1164.0,1
4592,222.0,67,758.0,1
4592,222.0,68,768.0,1
4592,222.0,69,774.0,1
4592,312.0,78,796.0,1
4592,342.0,67,1040.5,1
4592,348.0,62,1148.0,1
4624,24.0,63,883.0,1
4624,120.0,56,780.0,1
4624,138.0,62,870.0,1
4624,138.0,63,878.0,1
4624,156.0,70,1162.0,1
4624,168.0,63,1168.0,1
4624,222.0,70,747.0,1
4624,240.0,66,683.0,1
4624,324.0,82,873.0,1
4656,18.0,61,956.0,1
4656,18.0,62,964.0,1
4656,24.0,60,823.5,1
4656,156.0,74,1136.0,1
4656,168.0,55,1182.0,1
4656,258.0,65,710.0,1
4656,288.0,70,722.0,1
4656,318.0,67,811.0,1
4656,318.0,68,829.0,1
4656,330.0,76,925.0,1
4656,330.0,77,936.0,1
4688,18.0,71,945.0,1
4688,18.0,72,954.0,1
4688,18.0,73,965.0,1
4688,24.0,61,828.0,1
4688,60.0,48,621.0,1
4688,156.0,71,1134.0,1
4688,222.0,64,756.0,1
4688,276.0,71,699.0,1
4688,276.0,72,705.0,1
4688,312.0,73,727.0,1
4688,342.0,72,1032.0,1
4720,24.0,75,897.0,1
4720,48.0,52,615.5,1
4720,60.0,49,601.5,1
4720,216.0,73,993.5,1
4720,222.0,72,748.0,1
4720,270.0,67,636.0,1
4720,270.0,68,651.0,2
4720,270.0,69,659.0,1
4720,270.0,70,669.0,1
4720,270.0,71,679.0,1
4720,276.0,68,685.0,2
4720,312.0,82,712.0,1
4720,318.0,80,745.0,1
4720,348.0,77,1111.0,1
4720,348.0,78,1120.0,1
4752,66.0,53,617.5,1
4752,168.0,56,1189.0,1
4752,174.0,52,1084.0,1
4752,210.0,73,1078.0,1
4752,276.0,69,617.5,1
4752,276.0,70,625.5,1
4752,276.0,71,637.5,1
4752,294.0,72,692.0,1
4784,0.0,77,1284.5,1
4784,24.0,57,916.5,1
4784,174.0,56,1092.0,1
4784,174.0,57,1098.0,1
4784,294.0,75,689.5,1
4784,306.0,78,725.0,1
4784,354.0,90,1276.0,1
4784,354.0,91,1293.0,1
4816,0.0,78,1266.0,1
4816,0.0,79,1273.0,1
4816,18.0,61,1176.0,1
4816,18.0,62,1187.0,1
4816,162.0,84,1219.0,1
4816,162.0,85,1228.0,1
4816,234.0,75,667.0,1
4816,270.0,72,635.0,1
4816,282.0,76,651.5,2
4816,288.0,76,664.0,2
4816,294.0,82,675.5,1
4816,336.0,77,906.5,1
4816,348.0,73,1054.5,1
4816,348.0,74,1069.5,1
4848,0.0,71,1232.0,1
4848,0.0,72,1243.0,1
4848,0.0,73,1251.0,1
4848,198.0,70,1053.0,1
4848,282.0,69,625.0,1
4848,282.0,70,634.0,1
4848,282.0,71,648.0,1
4848,348.0,70,1090.0,1
4848,354.0,86,1183.0,1
4848,354.0,87,1198.0,1
4848,354.0,88,1214.0,1
4848,354.0,89,1220.0,1
4880,114.0,64,710.0,1
4880,114.0,65,718.0,2
4880,120.0,65,702.0,2
4880,120.0,66,718.0,1
4880,186.0,72,1062.0,1
4880,186.0,73,1068.0,1
4912,114.0,71,677.0,1
4912,114.0,72,688.0,1
4912,120.0,70,713.0,1
4912,168.0,61,1171.0,1
4912,246.0,58,650.0,1
4944,108.0,64,668.5,1
4944,114.0,68,694.0,2
4944,114.0,69,700.0,2
4944,138.0,65,711.0,1
4944,138.0,66,720.0,1
4944,288.0,58,624.5,1
4976,108.0,66,663.0,1
4976,114.0,68,688.0,2
4976,114.0,69,696.0,2
4976,120.0,72,690.0,1
4976,120.0,73,702.0,1
4976,156.0,70,1181.0,1
4976,252.0,68,622.0,1
4976,318.0,61,715.0,1
4976,324.0,58,751.0,1
4976,324.0,59,760.0,2
4976,324.0,60,768.0,2
4976,330.0,60,805.0,2
4976,330.0,61,813.0,1
4976,342.0,58,980.0,1
5008,48.0,58,640.0,1
5008,102.0,66,638.0,1
5008,102.0,67,644.0,1
5008,120.0,71,683.0,1
5008,156.0,73,1187.5,1
5008,162.0,84,1321.0,1
5008,168.0,85,1244.0,1
5008,180.0,74,1080.0,1
5008,180.0,75,1087.0,1
5008,252.0,59,619.0,1
5008,324.0,59,735.0,2
5008,324.0,60,741.0,2
5008,324.0,61,753.0,1
5008,330.0,62,800.5,1
5040,24.0,62,888.5,1
5040,24.0,63,904.5,1
5040,108.0,61,667.5,1
5040,114.0,64,675.0,1
5040,150.0,59,697.5,1
5040,150.0,60,705.5,1
5040,180.0,81,1081.0,1
5040,210.0,72,991.5,1
5040,228.0,66,687.5,1
5040,258.0,61,606.0,1
5040,264.0,63,593.0,1
5040,300.0,64,617.5,2
5040,330.0,61,794.5,1
5072,228.0,74,683.0,1
5072,294.0,66,606.0,1
5072,300.0,64,617.0,2
5072,312.0,59,656.0,1
5072,318.0,60,690.0,1
5072,324.0,55,709.0,1
5072,324.0,56,721.0,1
5104,210.0,75,965.0,1
5104,228.0,76,697.5,1
5104,300.0,61,615.0,1
5104,306.0,57,630.0,1
5104,312.0,60,637.0,1
5104,312.0,61,656.0,1
5104,324.0,59,691.0,1
5104,324.0,60,709.0,1
5104,324.0,61,717.0,1
5104,324.0,62,723.0,1
5104,336.0,60,904.5,1
5104,336.0,61,931.5,1
5136,96.0,54,522.5,1
5136,162.0,92,1345.5,1
5136,168.0,86,1282.5,1
5136,210.0,64,928.5,1
5136,264.0,59,558.0,1
5136,264.0,60,571.0,1
5136,282.0,52,557.5,1
5136,282.0,53,574.5,1
5136,288.0,60,585.0,1
5136,300.0,62,596.5,1
5136,300.0,63,609.5,1
5136,312.0,63,629.0,1
5136,318.0,61,660.5,1
5136,330.0,59,830.0,1
5136,330.0,60,841.0,1
5168,30.0,72,726.0,1
5168,96.0,58,540.0,1
5168,168.0,81,1288.0,1
5168,168.0,82,1295.0,1
5168,210.0,75,937.5,1
5168,222.0,79,733.5,1
5168,246.0,65,618.5,1
5168,300.0,58,608.5,1
5168,330.0,64,853.5,2
5168,336.0,65,949.5,1
5200,30.0,68,725.0,1
5200,48.0,64,625.0,1
5200,156.0,71,1176.0,1
5200,330.0,64,856.0,2
5232,132.0,57,576.0,1
5232,138.0,58,589.0,1
5232,264.0,50,524.0,1
5232,270.0,47,503.5,1
5232,294.0,63,591.0,1
5232,330.0,73,868.5,1
5232,336.0,67,964.5,1
5264,60.0,65,622.0,1
5264,84.0,58,587.0,1
5264,84.0,59,593.0,1
5264,90.0,60,589.5,1
5264,204.0,75,1029.0,1
5264,204.0,76,1036.0,1
5264,276.0,46,432.0,1
5264,276.0,47,440.0,1
5264,294.0,57,584.5,1
5264,324.0,68,787.0,1
5296,60.0,70,627.0,1
5296,234.0,75,673.0,1
5296,270.0,48,418.0,1
5296,288.0,58,567.0,1
5328,60.0,65,628.5,2
5328,96.0,67,611.5,1
5328,138.0,65,638.0,2
5328,270.0,50,429.0,1
5360,60.0,65,624.0,2
5360,60.0,66,631.0,1
5360,126.0,65,599.0,1
5360,126.0,66,608.0,1
5360,132.0,62,598.0,1
5360,138.0,65,637.0,2
5360,138.0,66,646.0,1
5360,156.0,83,1176.0,1
5360,168.0,84,1251.5,1
5360,276.0,56,483.0,1
5392,102.0,69,587.0,1
5392,108.0,66,581.0,2
5392,114.0,65,555.0,1
5392,114.0,66,564.0,2
5392,114.0,67,581.0,2
5392,126.0,67,578.0,1
5392,132.0,64,614.0,1
5392,162.0,98,1309.0,1
5392,198.0,75,1059.5,1
5392,198.0,76,1073.5,1
5424,108.0,65,553.5,1
5424,108.0,66,569.5,2
5424,114.0,66,547.0,2
5424,114.0,67,553.0,2
5424,120.0,65,558.5,1
5424,126.0,70,569.0,2
5424,132.0,70,588.0,2
5424,132.0,71,605.0,1
5424,138.0,66,611.0,2
5424,138.0,67,627.0,2
5424,150.0,66,648.5,1
5424,168.0,88,1298.0,1
5456,12.0,70,1149.0,1
5456,12.0,71,1210.0,1
5456,108.0,68,552.0,1
5456,114.0,73,553.0,1
5456,120.0,71,559.0,1
5456,126.0,67,571.0,1
5456,126.0,68,587.0,1
5456,138.0,66,604.0,2
5456,138.0,67,613.0,2
5456,144.0,65,620.0,1
5456,150.0,62,648.0,1
5456,300.0,58,570.0,1
5456,300.0,59,583.0,1
5488,12.0,67,1098.5,1
5488,96.0,71,580.0,1
5488,108.0,66,547.0,2
5488,114.0,66,547.0,2
5488,120.0,66,540.0,2
5488,120.0,67,553.0,1
5488,126.0,61,565.0,1
5488,126.0,62,581.0,1
5488,132.0,63,574.0,2
5488,132.0,64,584.0,2
5488,132.0,65,598.0,1
5488,138.0,59,597.0,2
5488,138.0,60,608.0,2
5488,138.0,61,621.0,2
5488,144.0,59,622.0,2
5488,144.0,60,639.0,2
5488,144.0,61,648.0,2
5488,150.0,64,645.5,1
5488,168.0,79,1302.5,1
5488,234.0,55,630.0,1
5488,240.0,58,582.0,1
5488,240.0,59,589.0,1
5488,288.0,55,534.0,1
5488,288.0,56,547.0,1
5520,90.0,68,572.0,1
5520,108.0,67,540.0,2
5520,114.0,70,540.0,1
5520,126.0,58,548.0,1
5520,126.0,59,557.0,1
5520,132.0,63,574.0,2
5520,132.0,64,587.0,2
5520,168.0,76,1296.0,1
5520,234.0,50,636.0,1
5520,240.0,49,597.0,1
5520,276.0,55,507.0,1
5520,282.0,58,528.0,1
5520,300.0,58,558.0,1
5520,300.0,59,565.0,1
5520,330.0,48,725.0,1
5552,96.0,71,560.0,1
5552,108.0,67,543.0,2
5552,114.0,67,544.0,2
5552,120.0,65,549.0,1
5552,120.0,66,563.0,1
5552,126.0,60,559.0,1
5552,126.0,61,574.0,1
5552,138.0,64,582.0,1
5552,138.0,65,600.0,2
5552,138.0,66,612.0,1
5552,144.0,55,613.0,1
5552,144.0,56,633.0,1
5552,144.0,57,640.0,1
5552,150.0,64,649.0,1
5552,168.0,84,1307.0,1
5552,252.0,49,502.0,2
5552,270.0,55,513.0,1
5552,282.0,56,514.0,1
5584,90.0,73,575.0,1
5584,96.0,68,563.0,1
5584,108.0,68,546.0,1
5584,120.0,64,532.0,1
5584,138.0,65,575.0,2
5584,156.0,63,1141.0,1
5584,162.0,94,1324.0,1
5584,180.0,60,1192.5,1
5584,234.0,60,639.0,1
5584,252.0,49,483.0,2
5584,252.0,50,489.0,1
5584,270.0,52,498.0,1
5584,282.0,51,504.0,2
5584,288.0,51,513.0,2
5584,294.0,47,516.0,1
5584,294.0,48,524.0,1
5584,300.0,57,543.0,1
5584,330.0,42,690.0,1
5584,330.0,43,697.0,1
5584,330.0,44,704.0,1
5584,330.0,45,713.0,1
5584,330.0,46,721.0,1
5584,330.0,47,744.0,1
5584,336.0,52,860.0,1
5616,102.0,66,567.0,2
5616,162.0,88,1323.0,1
5616,288.0,47,493.0,1
5616,288.0,48,504.0,1
5616,294.0,45,505.0,1
5616,294.0,46,516.0,1
5616,300.0,53,517.0,1
5616,300.0,54,534.0,1
5648,96.0,61,560.0,1
5648,96.0,62,574.0,1
5648,96.0,63,582.0,1
5648,102.0,66,549.0,2
5648,108.0,64,532.0,2
5648,108.0,65,541.0,1
5648,108.0,66,558.0,2
5648,174.0,73,1302.0,1
5648,222.0,47,767.0,1
5648,312.0,37,502.0,1
5648,312.0,38,509.0,1
5648,318.0,39,547.0,1
5680,12.0,71,995.5,1
5680,108.0,64,543.0,2
5680,144.0,57,619.0,1
5680,144.0,58,638.0,1
5680,192.0,69,1060.0,1
5680,222.0,56,794.0,1
5680,228.0,59,709.0,1
5680,306.0,46,500.0,1
5680,318.0,49,561.0,1
5680,318.0,50,577.0,1
5712,138.0,63,595.0,1
5712,150.0,60,678.5,1
5712,150.0,61,685.5,1
5712,150.0,62,700.5,1
5712,162.0,79,1305.5,1
5744,120.0,68,530.0,1
5744,126.0,62,555.0,1
5744,138.0,64,597.0,1
5744,204.0,70,1044.0,1
5744,204.0,71,1052.0,1
5776,120.0,63,536.0,1
5776,168.0,92,1300.0,1
5776,270.0,55,482.0,1
5776,276.0,54,466.0,1
5776,312.0,56,553.0,1
5776,312.0,57,562.0,2
5776,318.0,57,595.0,2
5808,168.0,97,1301.0,1
5808,276.0,63,471.0,1
5808,276.0,64,484.0,1
5808,306.0,57,533.0,1
5808,306.0,58,550.0,1
5808,312.0,59,541.0,1
5808,312.0,60,555.0,1
5808,336.0,54,818.0,1
5808,336.0,55,846.0,1
5840,36.0,71,717.0,1
5840,114.0,66,537.0,1
5840,114.0,67,544.0,1
5840,120.0,69,564.0,2
5840,126.0,72,555.0,1
5840,126.0,73,568.0,1
5840,126.0,74,574.0,1
5840,144.0,67,622.0,1
5840,168.0,94,1315.0,1
5840,180.0,62,1189.5,1
5840,210.0,64,990.0,1
5840,210.0,65,1000.0,1
5840,210.0,66,1010.0,1
5840,348.0,58,1184.0,1
5872,6.0,48,1125.0,1
5872,6.0,49,1133.0,1
5872,6.0,50,1143.0,1
5872,12.0,53,895.5,1
5872,108.0,70,546.0,1
5872,108.0,71,562.0,1
5872,120.0,66,541.0,2
5872,120.0,67,547.0,2
5872,120.0,68,560.0,1
5872,120.0,69,569.0,2
5872,126.0,66,552.0,2
5872,126.0,67,571.0,2
5872,162.0,91,1290.5,1
5872,168.0,90,1305.0,1
5904,102.0,71,552.0,1
5904,108.0,65,528.0,1
5904,108.0,66,541.0,1
5904,108.0,67,548.0,2
5904,114.0,67,515.0,2
5904,114.0,68,524.0,1
5904,114.0,69,538.0,2
5904,132.0,63,544.0,1
5904,132.0,64,554.0,1
5904,144.0,63,596.0,1
5904,162.0,97,1253.5,1
5904,168.0,86,1274.0,1
5904,252.0,48,516.0,1
5904,258.0,59,491.0,1
5904,258.0,60,501.0,1
5904,276.0,55,469.0,1
5904,276.0,56,478.0,1
5936,114.0,69,543.0,2
5936,114.0,70,559.0,1
5936,120.0,65,547.0,1
5936,180.0,60,1195.5,1
5936,228.0,53,574.0,1
5936,228.0,54,583.0,1
5936,228.0,55,602.0,1
5936,228.0,56,612.0,1
5936,228.0,57,622.0,1
5936,276.0,58,446.0,1
5936,276.0,59,460.0,1
5968,6.0,55,1194.0,1
5968,6.0,56,1211.0,1
5968,36.0,61,724.0,1
5968,96.0,70,561.0,1
5968,144.0,58,559.0,1
5968,156.0,68,671.0,1
6000,36.0,67,725.0,1
6000,330.0,54,601.0,1
6000,348.0,53,1246.0,1
6000,348.0,54,1262.0,1
6000,348.0,55,1280.0,1
6032,90.0,70,572.0,1
6032,114.0,69,528.0,2
6032,150.0,62,618.0,1
6032,174.0,70,1194.0,1
6032,174.0,71,1204.0,1
6032,180.0,58,1123.0,1
6032,330.0,51,574.0,1
6064,18.0,78,926.0,1
6064,18.0,79,937.0,1
6064,114.0,69,526.0,2
6064,258.0,45,433.0,1
6064,318.0,54,510.0,1
6096,18.0,73,912.5,1
6096,24.0,74,878.0,1
6096,24.0,75,889.0,1
6096,90.0,74,565.0,1
6096,114.0,68,529.0,1
6096,114.0,69,541.0,2
6096,120.0,59,532.0,1
6128,6.0,58,1150.5,1
6128,24.0,78,901.0,1
6128,162.0,83,1253.0,1
6128,162.0,84,1279.0,1
6128,174.0,62,1150.0,1
6128,264.0,43,463.0,1
6128,270.0,36,378.0,1
6128,276.0,40,371.0,1
6128,288.0,37,375.0,1
6128,288.0,38,381.0,1
6128,288.0,39,396.0,1
6128,300.0,39,391.0,1
6128,300.0,40,400.0,1
6128,300.0,41,408.0,1
6160,18.0,90,898.5,1
6160,18.0,91,906.5,1
6160,24.0,82,906.0,1
6160,162.0,93,1262.0,1
6160,168.0,81,1279.0,1
6160,180.0,52,1071.0,1
6160,354.0,61,1313.0,1
6160,354.0,62,1321.0,1
6160,354.0,63,1331.0,1
6192,6.0,48,1126.5,1
6192,18.0,87,898.5,1
6192,24.0,77,889.5,1
6192,78.0,68,603.0,1
6192,210.0,62,945.0,1
6192,210.0,63,953.0,1
6192,240.0,47,601.0,1
6192,240.0,48,611.0,1
6192,318.0,51,599.0,1
6192,354.0,55,1303.0,1
6192,354.0,56,1316.0,1
6224,12.0,68,931.0,1
6224,12.0,69,937.0,1
6224,18.0,75,914.0,1
6224,18.0,76,921.0,1
6224,24.0,74,884.0,1
6224,108.0,69,538.0,2
6224,108.0,70,552.0,2
6224,156.0,70,1051.0,1
6224,174.0,64,1131.0,1
6224,180.0,66,1085.0,1
6224,198.0,74,929.0,1
6224,198.0,75,939.0,1
6224,210.0,57,932.0,1
6224,210.0,58,941.0,1
6224,336.0,51,839.0,1
6224,354.0,50,1272.0,1
6256,6.0,53,1113.0,1
6256,6.0,54,1133.0,1
6256,24.0,76,898.5,1
6256,24.0,77,910.5,1
6256,96.0,68,578.0,1
6256,102.0,70,563.0,2
6256,102.0,71,570.0,1
6256,108.0,69,524.0,2
6256,108.0,70,535.0,2
6256,156.0,74,1106.0,1
6256,162.0,98,1229.0,1
6256,276.0,46,480.0,1
6256,276.0,47,496.0,1
6256,294.0,43,517.0,1
6256,294.0,44,525.0,1
6256,306.0,56,569.0,1
6256,336.0,53,871.5,1
6288,6.0,62,1101.0,1
6288,24.0,82,898.0,1
6288,24.0,83,912.0,1
6288,108.0,74,528.0,1
6288,108.0,75,546.0,1
6288,162.0,88,1200.0,1
6288,270.0,48,502.0,1
6288,282.0,48,509.0,2
6320,6.0,68,1111.0,1
6320,24.0,77,892.0,1
6320,24.0,78,911.0,1
6320,108.0,66,536.0,1
6320,108.0,67,550.0,2
6320,114.0,67,534.0,2
6320,144.0,64,600.0,1
6320,234.0,55,602.0,1
6320,234.0,56,610.0,1
6320,282.0,48,510.0,2
6352,6.0,58,1089.0,1
6352,6.0,59,1101.0,2
6352,108.0,71,534.0,1
6352,156.0,65,777.0,1
6352,192.0,66,1004.0,1
6352,246.0,59,543.0,1
6352,246.0,60,549.0,1
6352,252.0,58,527.0,1
6352,258.0,54,500.0,1
6352,258.0,55,512.0,2
6352,294.0,54,541.0,1
6352,300.0,52,545.0,1
6352,300.0,53,555.0,1
6352,324.0,52,694.0,1
6384,6.0,59,1082.0,2
6384,24.0,79,864.0,1
6384,24.0,80,881.0,2
6384,90.0,72,579.0,1
6384,108.0,67,538.0,1
6384,108.0,68,556.0,1
6384,114.0,60,537.0,1
6384,162.0,71,1234.0,1
6384,198.0,64,983.0,1
6384,204.0,42,725.0,1
6384,204.0,43,734.0,1
6384,204.0,44,747.0,1
6384,204.0,45,760.0,1
6384,240.0,57,569.0,1
6384,258.0,55,504.0,2
6384,258.0,56,518.0,1
6384,282.0,59,518.0,1
6384,306.0,50,574.0,1
6416,24.0,80,845.0,2
6416,24.0,81,857.0,1
6416,24.0,82,869.0,1
6416,96.0,72,558.0,1
6416,96.0,73,575.0,1
6416,96.0,74,583.0,1
6416,108.0,69,536.0,1
6416,114.0,65,535.0,1
6416,156.0,69,778.0,1
6416,330.0,67,738.0,1
6448,318.0,56,629.0,1
6448,330.0,65,740.5,1
6480,24.0,68,861.0,1
6480,24.0,69,874.0,1
6480,162.0,71,1230.0,1
6480,204.0,40,751.5,1
6480,210.0,56,767.5,1
6480,210.0,57,775.5,1
6480,240.0,56,559.0,1
6480,258.0,57,529.0,1
6480,258.0,58,540.0,1
6512,24.0,74,858.0,1
6512,24.0,75,865.0,1
6512,24.0,76,873.0,1
6512,156.0,66,760.0,1
6512,300.0,59,541.0,1
6512,312.0,53,571.5,1
6512,312.0,54,579.5,1
6512,348.0,62,1187.5,1
6512,348.0,63,1193.5,1
6544,12.0,63,944.5,1
6544,60.0,63,639.0,1
6544,138.0,57,578.0,1
6544,204.0,52,789.0,1
6544,258.0,65,546.0,1
6544,312.0,57,558.0,1
6544,312.0,58,566.0,1
6544,312.0,59,575.0,1
6544,312.0,60,581.0,1
6544,324.0,60,660.0,1
6544,348.0,60,1201.0,1
6576,0.0,52,1221.5,1
6576,0.0,53,1231.5,1
6576,24.0,73,859.0,2
6576,24.0,74,870.0,2
6576,84.0,62,586.0,1
6576,168.0,61,1185.5,1
6576,168.0,62,1205.5,1
6576,216.0,64,713.0,1
6576,294.0,60,534.0,1
6576,312.0,63,572.0,1
6576,348.0,55,1205.0,1
6576,348.0,56,1212.0,1
6608,24.0,73,854.0,2
6608,24.0,74,863.0,2
6608,114.0,59,534.0,1
6608,126.0,62,571.5,1
6608,174.0,58,1160.0,1
6608,216.0,69,745.0,1
6608,222.0,63,664.0,2
6608,228.0,69,621.5,1
6608,240.0,67,550.5,1
6608,324.0,62,671.5,1
6608,324.0,63,677.5,2
6608,342.0,67,1076.5,1
6640,0.0,53,1197.0,1
6640,0.0,54,1208.0,1
6640,6.0,66,1143.5,1
6640,18.0,68,927.5,2
6640,114.0,64,547.5,1
6640,150.0,60,685.5,1
6640,174.0,54,1170.0,1
6640,216.0,66,743.5,1
6640,222.0,63,653.5,2
6640,228.0,61,595.5,1
6640,228.0,62,608.5,1
6640,228.0,63,615.5,2
6640,234.0,60,571.5,1
6640,240.0,61,561.5,1
6640,324.0,63,676.0,2
6672,12.0,76,984.5,1
6672,18.0,68,934.5,2
6672,24.0,64,858.0,1
6672,24.0,65,868.0,1
6672,126.0,73,583.0,1
6672,126.0,74,589.0,1
6672,186.0,65,1104.0,1
6672,234.0,62,605.5,2
6672,234.0,63,611.5,1
6672,234.0,64,619.5,1
6672,240.0,62,573.5,2
6672,270.0,60,552.5,1
6672,270.0,61,558.5,1
6672,342.0,62,1029.0,1
6672,342.0,63,1050.0,1
6672,342.0,64,1066.0,1
6704,18.0,74,954.5,1
6704,24.0,61,871.5,1
6704,24.0,62,884.5,1
6704,102.0,71,580.0,1
6704,138.0,62,593.5,1
6704,168.0,60,1126.0,1
6704,204.0,57,811.5,1
6704,210.0,74,838.0,1
6704,240.0,66,624.0,1
6704,354.0,49,1241.5,1
6736,102.0,65,566.0,1
6736,132.0,70,557.0,1
6736,210.0,67,847.5,1
6736,210.0,68,856.5,1
6736,264.0,61,571.0,1
6736,270.0,66,562.0,1
6736,330.0,66,815.5,1
6768,150.0,60,925.5,1
6768,174.0,49,1140.5,1
6768,258.0,68,589.5,1
6768,318.0,57,627.0,1
6768,318.0,58,637.0,1
6800,96.0,58,568.0,1
6800,258.0,70,576.0,1
6800,258.0,71,588.0,1
6800,276.0,67,529.0,1
6800,294.0,61,518.0,1
6832,0.0,56,1200.5,1
6832,0.0,57,1222.5,1
6832,0.0,58,1231.5,1
6832,126.0,56,610.0,1
6832,222.0,75,769.0,1
6832,222.0,76,787.0,1
6832,300.0,58,519.0,1
6832,318.0,63,649.0,1
6832,354.0,70,1327.0,1
6864,150.0,67,937.0,1
6864,168.0,48,1122.0,1
6864,240.0,64,672.0,1
6864,264.0,61,561.0,1
6864,264.0,62,573.0,1
6864,288.0,55,487.0,1
6864,288.0,56,499.0,1
6864,324.0,63,727.0,1
6896,0.0,66,1227.0,1
6896,180.0,64,1098.0,1
6896,210.0,68,904.5,1
6896,216.0,64,880.5,1
6896,258.0,61,565.5,1
6896,258.0,62,575.5,1
6896,264.0,59,557.5,1
6896,354.0,56,1318.5,1
6928,84.0,66,603.0,1
6928,150.0,83,1020.0,1
6928,180.0,58,1036.0,1
6928,180.0,59,1044.0,1
6928,192.0,56,983.0,1
6928,228.0,54,687.0,1
6992,18.0,68,906.5,1
6992,24.0,71,870.0,1
6992,48.0,70,694.0,1
6992,150.0,77,762.0,1
6992,186.0,70,1061.5,1
6992,198.0,54,934.5,1
6992,198.0,55,961.5,1
6992,198.0,56,973.5,1
6992,204.0,57,844.0,1
6992,204.0,58,859.0,1
6992,204.0,59,874.0,1
6992,204.0,60,884.0,1
6992,246.0,52,526.0,1
6992,336.0,68,830.0,1
6992,336.0,69,848.0,1
6992,336.0,70,861.0,1
7024,174.0,60,1195.0,1
7024,174.0,61,1206.0,1
7024,174.0,62,1212.0,1
7024,192.0,71,973.0,1
7024,192.0,72,990.0,1
7024,192.0,73,1009.0,1
7024,192.0,74,1020.0,1
7024,198.0,75,926.0,1
7024,198.0,76,933.0,1
7024,198.0,77,943.0,1
7024,210.0,64,867.0,1
7024,210.0,65,876.0,1
7024,210.0,66,889.0,1
7024,264.0,58,482.0,1
7024,330.0,66,760.0,1
7024,348.0,75,1307.0,1
7056,24.0,67,912.0,1
7056,24.0,68,926.0,1
7056,96.0,61,580.0,1
7056,102.0,60,577.0,1
7056,186.0,67,1077.0,1
7056,186.0,68,1091.0,1
7056,204.0,67,917.5,1
7056,204.0,68,924.5,1
7056,216.0,68,824.5,1
7056,270.0,57,534.0,1
7056,288.0,52,485.0,1
7088,6.0,63,1160.0,1
7088,6.0,64,1170.0,1
7088,174.0,54,1168.0,1
7088,210.0,70,869.0,1
7120,42.0,63,710.0,1
7120,42.0,64,722.0,1
7120,48.0,66,683.0,1
7120,90.0,64,598.0,1
7120,96.0,66,592.0,2
7120,102.0,66,584.0,2
7120,102.0,67,592.0,1
7120,108.0,63,592.0,2
7120,126.0,60,611.0,1
7120,126.0,61,622.0,1
7120,216.0,66,804.0,1
7120,216.0,67,810.0,1
7120,216.0,68,826.0,1
7120,330.0,61,710.0,1
7152,24.0,73,879.0,1
7152,36.0,68,755.0,1
7152,36.0,69,769.0,1
7152,108.0,62,573.0,1
7152,108.0,63,587.0,2
7152,156.0,68,1243.0,1
7152,216.0,58,830.0,1
7152,216.0,59,840.0,1
7184,24.0,77,915.0,1
7184,108.0,68,578.0,1
7184,126.0,59,605.0,1
7184,126.0,60,617.0,1
7184,156.0,75,1194.0,1
7184,156.0,76,1203.0,1
7184,186.0,58,1098.5,1
7184,192.0,68,1073.0,1
7184,216.0,64,793.0,1
7184,216.0,65,801.0,2
7184,216.0,66,813.0,1
7184,216.0,67,820.0,1
7184,216.0,68,831.0,1
7184,216.0,69,843.0,1
7184,312.0,56,610.0,1
7184,318.0,57,637.0,1
7184,318.0,58,647.0,1
7184,318.0,59,655.0,1
7216,6.0,66,1121.0,1
7216,24.0,78,928.5,1
7216,78.0,58,600.0,1
7216,216.0,65,816.0,2
7248,6.0,59,1186.0,1
7248,96.0,62,579.0,1
7248,102.0,64,575.0,1
7248,102.0,65,585.0,1
7248,162.0,69,1257.5,1
7248,162.0,70,1263.5,1
7248,288.0,53,508.0,1
7248,294.0,56,516.0,1
7248,300.0,61,524.0,1
7248,300.0,62,530.0,1
7248,300.0,63,542.0,1
7280,30.0,74,868.0,1
7280,30.0,75,880.0,1
7280,30.0,76,886.0,1
7280,210.0,81,922.0,1
7280,210.0,82,932.0,1
7280,258.0,59,571.0,1
7280,258.0,60,578.0,1
7312,30.0,73,892.5,1
7312,132.0,52,631.0,1
7312,132.0,53,640.0,1
7312,192.0,73,1090.0,1
7312,198.0,78,1037.0,1
7312,264.0,59,561.0,1
7312,270.0,67,550.0,1
7312,270.0,68,557.0,1
7312,324.0,66,711.5,1
7344,30.0,72,882.0,1
7344,60.0,61,623.0,1
7344,102.0,55,567.0,1
7344,138.0,47,595.5,1
7344,168.0,67,1249.0,1
7344,258.0,58,557.5,1
7344,258.0,59,568.5,1
7344,264.0,63,560.5,1
7344,324.0,62,691.5,1
7344,324.0,63,705.5,1
7376,30.0,68,892.5,1
7376,186.0,70,1122.0,1
7376,186.0,71,1134.0,1
7376,222.0,63,699.0,1
7376,246.0,57,597.5,1
7376,264.0,58,548.0,2
7376,270.0,55,540.5,1
7376,336.0,61,850.0,2
7376,336.0,62,861.0,1
7408,168.0,80,1271.5,1
7408,264.0,58,532.0,2
7408,264.0,59,542.0,1
7408,336.0,60,833.0,1
7408,336.0,61,841.0,2
7440,120.0,53,457.0,1
7440,120.0,54,467.0,1
7440,120.0,55,480.0,1
7440,180.0,53,1157.0,1
7440,180.0,54,1164.0,1
7440,180.0,55,1170.0,1
7440,180.0,56,1180.0,2
7440,186.0,56,1143.0,2
7440,276.0,55,531.0,2
7440,282.0,55,523.5,2
7440,282.0,56,532.5,2
7440,288.0,55,530.5,2
7440,288.0,56,537.5,2
7472,228.0,56,592.5,1
7472,228.0,57,614.5,1
7472,234.0,60,577.0,1
7472,288.0,61,538.0,1
7504,60.0,61,651.0,1
7504,108.0,56,470.0,1
7504,168.0,64,1274.5,1
7504,168.0,65,1282.5,1
7504,180.0,57,1176.5,1
7504,180.0,58,1183.5,1
7504,318.0,50,608.0,1
7504,318.0,51,614.0,1
7536,24.0,68,869.5,1
7536,168.0,55,1255.5,1
7536,180.0,62,1170.0,1
7536,180.0,63,1179.0,1
7536,180.0,64,1186.0,1
7536,210.0,71,905.5,1
7536,300.0,46,533.0,1
7536,300.0,47,541.0,2
7536,306.0,47,539.5,2
7568,0.0,65,1334.5,1
7568,0.0,66,1347.5,1
7568,24.0,74,868.5,1
7568,114.0,58,491.0,1
7568,174.0,63,1266.5,1
7568,234.0,63,540.0,1
7568,234.0,64,552.0,1
7568,336.0,51,869.5,1
7600,54.0,54,615.0,1
7600,180.0,57,1166.0,1
7600,180.0,58,1182.0,1
7600,186.0,66,1075.0,1
7600,228.0,65,568.0,1
7632,54.0,56,580.0,2
7632,156.0,52,1163.0,1
7632,174.0,59,1264.5,1
7632,174.0,60,1285.5,1
7632,186.0,60,1108.0,1
7632,324.0,51,635.0,1
7632,324.0,53,652.0,1
7664,54.0,56,566.0,2
7664,96.0,64,484.0,1
7664,102.0,58,485.0,1
7664,234.0,53,549.5,1
7664,240.0,57,511.0,1
7664,270.0,46,423.0,1
7664,276.0,48,410.0,1
7664,276.0,49,421.0,1
7664,306.0,50,525.0,1
7696,6.0,59,1089.0,1
7696,96.0,59,483.5,1
7696,96.0,60,492.5,2
7696,102.0,60,489.5,2
7696,102.0,61,495.5,1
7696,174.0,59,1278.0,1
7696,228.0,55,606.0,1
7696,348.0,56,1239.0,1
7728,96.0,55,483.0,1
7728,102.0,59,483.0,1
7728,168.0,66,1297.0,1
7728,204.0,57,932.0,1
7728,222.0,53,689.0,1
7728,228.0,48,613.0,1
7728,330.0,53,715.0,1
7728,342.0,62,1134.0,1
7728,342.0,63,1141.0,1
7728,342.0,64,1153.0,1
7760,54.0,61,654.0,1
7760,72.0,46,481.0,1
7760,90.0,54,482.0,1
7760,96.0,52,475.0,2
7760,96.0,53,482.0,2
7760,102.0,55,486.0,1
7760,114.0,63,490.0,1
7760,114.0,64,505.0,1
7760,114.0,65,514.0,1
7760,174.0,58,1256.0,1
7760,282.0,41,414.0,1
7792,12.0,57,1005.0,1
7792,42.0,59,681.0,1
7792,42.0,60,693.0,1
7792,96.0,52,469.0,2
7792,96.0,53,480.0,2
7792,102.0,53,481.0,2
7792,108.0,57,506.0,1
7792,246.0,42,537.0,1
7792,324.0,51,645.5,1
7792,324.0,52,653.5,1
7824,6.0,54,1097.5,1
7824,96.0,51,472.0,1
7824,216.0,52,740.5,1
7824,222.0,48,649.0,1
7824,222.0,49,661.0,1
7824,222.0,50,669.0,1
7824,342.0,72,1255.0,1
7856,18.0,60,896.0,1
7856,24.0,58,858.0,1
7856,78.0,47,458.0,1
7856,78.0,48,464.0,1
7856,84.0,44,451.0,2
7856,90.0,44,454.0,2
7856,240.0,41,531.0,1
7856,240.0,42,540.0,1
7856,246.0,43,521.0,1
7856,246.0,44,530.0,1
7856,336.0,61,903.5,1
7888,90.0,46,421.0,1
7888,96.0,39,431.0,1
7888,186.0,59,1102.0,1
7888,186.0,60,1115.0,1
7888,198.0,69,983.0,1
7888,234.0,57,591.0,1
7888,234.0,58,604.0,1
7920,114.0,38,443.0,1
7952,6.0,53,1003.0,1
7952,72.0,46,490.0,1
7952,102.0,50,530.0,1
7952,114.0,43,445.0,1
7952,114.0,44,453.0,1
7952,120.0,40,471.0,1
7952,168.0,73,1317.0,1
7952,168.0,74,1329.0,1
7952,246.0,60,550.0,1
7952,258.0,59,505.0,1
7952,258.0,60,515.0,1
7952,312.0,50,561.0,1
7952,318.0,53,600.0,2
7952,324.0,50,675.0,1
7984,36.0,56,675.0,1
7984,90.0,47,549.0,1
7984,102.0,51,529.0,1
7984,168.0,80,1268.5,1
7984,216.0,58,758.0,1
7984,264.0,60,502.0,1
7984,270.0,56,494.0,1
7984,276.0,52,492.0,1
7984,318.0,53,614.0,2
8016,108.0,51,544.0,1
8016,144.0,42,603.0,1
8016,144.0,43,609.0,1
8016,144.0,44,617.0,1
8016,174.0,64,1298.0,1
8016,270.0,52,475.0,1
8016,270.0,53,489.0,1
8016,324.0,48,656.5,1
8016,330.0,52,728.0,1
8048,18.0,63,860.0,1
8048,18.0,64,870.0,1
8048,24.0,66,787.0,1
8048,24.0,67,793.0,1
8048,24.0,68,801.0,1
8048,42.0,54,633.0,1
8048,186.0,54,1100.5,1
8048,234.0,54,529.0,1
8048,330.0,49,736.5,1
8048,330.0,50,745.5,1
8048,330.0,51,752.5,1
8080,102.0,51,566.0,1
8080,318.0,48,613.0,1
8112,120.0,43,534.0,1
8112,156.0,76,1276.0,1
8112,258.0,58,504.0,1
8112,336.0,61,863.0,1
8144,36.0,56,660.0,1
8144,42.0,61,614.0,1
8144,48.0,58,578.0,1
8144,102.0,53,520.0,1
8144,102.0,54,534.0,1
8144,114.0,62,564.0,1
8144,150.0,61,963.0,1
8144,258.0,48,503.0,1
8176,18.0,58,825.5,1
8176,18.0,59,833.5,1
8176,36.0,59,651.0,1
8176,42.0,58,606.0,1
8176,156.0,92,1295.0,1
8176,156.0,93,1312.0,1
8176,168.0,77,1253.0,1
8176,168.0,78,1261.0,1
8208,12.0,58,920.0,1
8208,12.0,59,933.0,1
8208,18.0,51,853.0,1
8208,18.0,52,862.0,1
8208,18.0,53,869.0,1
8208,36.0,56,648.0,1
8208,42.0,52,605.0,1
8208,108.0,54,506.0,1
8208,156.0,72,1341.0,1
8208,264.0,54,475.0,1
8208,276.0,46,440.0,1
8208,288.0,49,440.0,1
8208,342.0,68,1129.0,1
8240,18.0,59,853.0,1
8240,42.0,54,597.0,1
8240,48.0,50,560.0,1
8240,54.0,49,526.0,2
8240,60.0,49,499.0,2
8240,72.0,49,463.0,1
8240,120.0,53,497.0,1
8240,156.0,83,1309.0,1
8240,156.0,84,1339.0,1
8240,168.0,80,1267.0,2
8240,222.0,65,628.0,1
8240,222.0,66,638.0,1
8240,348.0,75,1327.0,1
8240,348.0,76,1334.0,1
8272,18.0,55,854.0,1
8272,54.0,52,518.0,1
8272,60.0,54,492.0,1
8272,66.0,51,472.0,1
8272,72.0,50,456.0,1
8272,78.0,49,447.0,1
8272,84.0,44,444.0,1
8272,90.0,49,445.0,1
8272,96.0,48,451.0,1
8272,114.0,53,502.0,1
8272,120.0,55,516.0,1
8272,168.0,80,1259.0,2
8272,228.0,56,581.0,1
8272,276.0,49,485.0,1
8304,18.0,57,861.0,1
8304,168.0,73,1248.0,1
8304,222.0,57,626.0,1
8304,228.0,53,570.0,1
8304,234.0,45,541.0,1
8336,18.0,64,889.0,1
8336,150.0,53,983.0,1
8336,300.0,35,504.0,1
8336,300.0,36,514.0,1
8336,300.0,37,524.0,1
8336,306.0,38,517.0,1
8336,306.0,39,523.0,1
8336,306.0,40,535.0,1
8336,306.0,41,548.0,1
8336,312.0,47,545.0,1
8336,312.0,48,553.0,1
8336,318.0,36,529.0,1
8336,318.0,37,550.0,1
8336,318.0,38,556.0,1
8336,318.0,39,564.0,1
8368,72.0,53,467.0,1
8368,318.0,44,568.5,1
8368,318.0,45,588.5,1
8368,318.0,46,601.5,1
8368,324.0,56,628.0,1
8400,126.0,55,434.0,1
8400,150.0,52,955.0,1
8400,258.0,45,484.0,1
8400,258.0,46,497.0,1
8400,300.0,12,231.0,1
8400,306.0,16,391.0,1
8400,306.0,17,403.0,1
8400,336.0,57,792.0,1
8400,336.0,58,807.0,1
8432,12.0,56,932.0,2
8432,18.0,48,891.0,1
8432,18.0,49,897.0,1
8432,216.0,62,764.0,1
8432,216.0,63,773.0,1
8432,294.0,13,205.0,1
8432,294.0,14,217.0,1
8464,12.0,55,924.0,1
8464,12.0,56,931.0,2
8464,18.0,57,903.0,1
8464,18.0,58,909.0,1
8464,18.0,59,915.0,1
8464,36.0,55,624.0,1
8464,156.0,83,1248.0,1
8464,156.0,84,1261.0,1
8464,282.0,24,285.0,1
8464,288.0,19,285.0,2
8464,288.0,20,294.0,1
8464,318.0,38,662.0,1
8464,318.0,39,677.0,1
8464,342.0,61,980.0,1
8496,12.0,61,967.0,1
8496,18.0,65,925.0,1
8496,36.0,52,624.0,1
8496,42.0,50,577.0,1
8496,48.0,51,539.0,1
8496,168.0,75,1270.0,1
8496,252.0,42,415.0,1
8496,252.0,43,421.0,1
8496,252.0,44,428.0,1
8496,252.0,45,442.0,1
8496,264.0,38,382.0,1
8496,264.0,39,390.0,1
8496,264.0,40,403.0,1
8496,264.0,41,409.0,1
8496,270.0,27,263.0,2
8496,270.0,28,275.0,2
8496,270.0,29,285.0,1
8496,270.0,30,294.0,1
8496,270.0,31,300.0,1
8496,276.0,27,259.0,2
8496,276.0,28,267.0,2
8496,288.0,19,249.0,2
8496,306.0,11,247.0,1
8496,306.0,12,263.0,1
8496,306.0,13,273.0,1
8496,306.0,14,289.0,1
8496,306.0,15,299.0,1
8496,306.0,16,321.0,1
8496,306.0,17,329.0,1
8496,312.0,23,455.0,1
8496,330.0,63,792.0,1
8528,54.0,46,522.0,1
8528,60.0,51,500.0,1
8528,78.0,54,474.0,1
8528,84.0,53,474.0,1
8528,126.0,50,542.0,1
8560,12.0,50,1006.5,1
8560,66.0,45,463.0,1
8560,72.0,43,453.0,1
8560,78.0,44,448.0,1
8560,132.0,51,519.0,1
8560,144.0,47,497.0,1
8560,144.0,48,505.0,1
8560,144.0,49,511.0,1
8560,156.0,103,1276.0,1
8560,240.0,44,409.0,1
8560,240.0,45,416.0,1
8560,240.0,46,435.0,1
8560,288.0,28,407.0,1
8560,288.0,29,418.0,1
8560,288.0,30,436.0,1
8560,288.0,31,446.0,1
8560,300.0,23,456.0,1
8560,324.0,35,539.0,1
8560,324.0,36,548.0,1
8592,24.0,39,624.5,1
8592,24.0,40,633.5,1
8592,24.0,41,639.5,1
8592,24.0,42,646.5,1
8592,24.0,43,654.5,1
8592,36.0,39,579.0,1
8592,36.0,40,597.0,1
8592,42.0,34,520.5,1
8592,54.0,32,468.0,1
8592,84.0,40,469.0,1
8592,120.0,51,557.0,1
8592,144.0,52,542.0,1
8592,186.0,55,906.5,1
8592,216.0,60,760.0,1
8592,240.0,37,446.0,1
8592,246.0,34,359.0,1
8592,246.0,35,368.0,1
8592,246.0,36,376.0,1
8592,294.0,36,508.0,1
8592,294.0,37,522.0,1
8592,330.0,50,735.0,1
8592,330.0,51,747.0,1
8592,330.0,52,762.0,1
8592,348.0,60,1312.0,1
8592,348.0,61,1339.0,1
8624,30.0,44,662.5,1
8624,72.0,36,408.0,1
8624,96.0,34,428.0,1
8624,102.0,36,421.0,1
8624,102.0,37,442.0,1
8624,120.0,45,554.0,1
8624,180.0,58,1033.5,1
8624,222.0,63,750.0,1
8624,342.0,50,1024.0,1
8624,342.0,51,1033.0,1
8624,342.0,52,1045.0,1
8624,342.0,53,1056.0,1
8656,30.0,50,701.0,1
8656,144.0,51,507.0,1
8656,234.0,59,634.0,1
8656,246.0,35,380.0,1
8656,246.0,36,389.0,1
8656,246.0,37,408.0,1
8656,246.0,38,415.0,2
8656,246.0,39,426.0,2
8656,282.0,49,531.0,1
8656,282.0,50,543.0,1
8688,12.0,47,1044.0,1
8688,12.0,48,1073.0,1
8688,180.0,59,1154.0,1
8688,246.0,38,449.0,2
8688,246.0,39,459.0,2
8688,246.0,40,473.0,1
8688,312.0,45,680.5,1
8720,12.0,60,1077.5,1
8720,18.0,51,896.5,1
8720,150.0,79,1225.5,1
8720,252.0,51,541.0,1
8720,252.0,52,549.0,1
8720,318.0,41,728.0,1
8752,18.0,44,933.5,1
8752,18.0,45,942.5,1
8752,102.0,45,401.0,1
8752,108.0,47,383.0,2
8752,108.0,48,389.0,2
8752,108.0,49,402.0,1
8752,114.0,51,402.0,1
8752,144.0,50,1006.0,1
8752,150.0,71,1226.0,1
8752,162.0,86,1328.0,1
8752,234.0,53,574.0,1
8752,234.0,54,585.0,1
8752,234.0,55,594.0,1
8752,288.0,30,372.0,1
8752,288.0,31,379.0,1
8752,336.0,65,885.0,1
8752,336.0,66,897.0,1
8752,336.0,67,903.0,1
8784,108.0,46,382.0,1
8784,108.0,47,399.0,2
8784,108.0,48,409.0,2
8784,120.0,47,444.5,1
8784,132.0,43,404.0,1
8784,132.0,44,411.0,1
8784,132.0,45,424.0,1
8784,132.0,46,433.0,1
8784,132.0,47,440.0,1
8784,132.0,48,449.0,1
8784,162.0,84,1277.0,1
8784,276.0,34,368.5,1
8816,6.0,57,1194.0,1
8816,12.0,59,953.0,1
8816,12.0,60,960.0,1
8816,12.0,61,968.0,1
8816,12.0,62,976.0,1
8816,18.0,48,901.0,1
8816,300.0,19,264.0,1
8816,300.0,20,270.0,1
8816,330.0,50,735.5,1
8816,330.0,51,751.5,1
8848,12.0,50,932.0,1
8848,12.0,51,941.0,1
8848,162.0,87,1342.0,1
8848,246.0,53,574.0,1
8848,306.0,20,316.0,1
8848,312.0,29,680.0,1
8848,312.0,30,690.0,1
8848,336.0,42,700.0,1
8848,336.0,43,724.0,1
8848,336.0,44,734.0,1
8848,342.0,59,1075.5,1
8848,342.0,60,1086.5,1
8848,342.0,61,1112.5,1
8880,6.0,61,1103.0,1
8880,12.0,59,953.0,1
8880,18.0,58,939.0,1
8880,168.0,66,1147.0,1
8880,258.0,55,450.0,1
8880,258.0,56,459.0,1
8880,258.0,57,476.0,1
8880,300.0,19,261.0,1
8880,330.0,60,766.0,1
8880,330.0,61,776.0,1
8912,6.0,51,1133.0,1
8912,12.0,52,946.0,1
8912,138.0,35,517.0,1
8912,138.0,36,535.0,1
8912,210.0,72,891.5,1
8912,282.0,23,273.0,1
8912,282.0,24,293.0,1
8912,336.0,62,785.0,1
8912,336.0,63,793.0,1
8944,6.0,74,1137.0,1
8944,18.0,62,997.5,1
8944,18.0,63,1010.5,1
8944,132.0,33,491.5,1
8944,306.0,22,395.0,1
8944,306.0,23,404.0,1
8976,6.0,61,1069.0,1
8976,18.0,72,959.0,1
8976,18.0,73,975.0,1
8976,18.0,74,981.0,1
8976,84.0,35,293.0,1
8976,144.0,52,1085.0,1
8976,156.0,86,1332.0,1
8976,156.0,87,1344.0,1
8976,180.0,69,1085.0,1
8976,210.0,68,900.0,1
8976,294.0,23,563.0,1
8976,294.0,24,572.0,1
8976,336.0,50,886.0,1
8976,336.0,51,897.0,1
9008,6.0,63,1165.5,1
9008,18.0,59,1032.0,1
9008,72.0,30,346.0,1
9008,114.0,31,369.0,1
9008,132.0,31,442.0,1
9008,252.0,36,502.5,1
9008,252.0,37,512.5,1
9008,252.0,38,527.5,1
9008,258.0,31,465.0,1
9008,258.0,32,471.0,1
9008,258.0,33,477.0,1
9008,258.0,34,489.0,1
9008,258.0,35,495.0,1
9008,264.0,36,452.0,1
9008,264.0,37,468.0,1
9008,264.0,38,481.0,1
9008,270.0,25,397.0,1
9008,270.0,26,408.0,1
9008,300.0,28,587.5,1
9008,342.0,52,977.0,1
9008,342.0,53,986.0,1
9008,342.0,54,997.0,1
9008,342.0,55,1010.0,1
9040,48.0,39,561.0,1
9040,168.0,73,1344.0,1
9040,168.0,74,1358.0,1
9040,180.0,73,1112.0,1
9040,180.0,74,1118.0,1
9040,270.0,38,485.0,1
9040,300.0,51,565.0,1
9040,300.0,52,572.0,1
9040,348.0,66,1285.0,1
9072,84.0,37,452.5,1
9072,132.0,38,474.0,1
9136,18.0,65,1114.0,1
9136,66.0,39,513.0,1
9136,66.0,40,519.0,1
9136,66.0,41,529.0,1
9136,144.0,50,570.0,1
9136,144.0,51,586.0,1
9136,186.0,65,1005.0,1
9136,186.0,66,1012.0,1
9136,270.0,49,529.0,1
9136,270.0,50,537.0,1
9168,24.0,57,884.0,1
9168,24.0,58,894.0,1
9168,60.0,48,576.0,1
9168,312.0,69,692.0,1
9200,18.0,60,1123.0,1
9200,24.0,54,908.0,1
9200,48.0,52,682.0,1
9200,54.0,49,648.0,1
9200,54.0,50,654.0,1
9200,126.0,40,515.0,1
9200,126.0,41,530.0,1
9200,240.0,62,626.0,1
9200,240.0,63,641.0,1
9200,330.0,68,836.0,1
9200,330.0,69,843.0,1
9232,6.0,57,1213.5,1
9232,24.0,60,944.0,1
9232,30.0,61,896.5,1
9232,36.0,64,820.0,1
9232,36.0,65,833.0,1
9232,36.0,66,843.0,1
9232,36.0,67,856.0,1
9232,42.0,49,673.0,1
9232,42.0,50,682.0,1
9232,54.0,56,647.0,1
9232,54.0,57,653.0,1
9232,66.0,50,574.0,1
9232,66.0,51,587.0,1
9232,78.0,54,571.0,1
9232,84.0,50,567.0,1
9232,84.0,51,575.0,1
9232,84.0,52,583.0,1
9232,84.0,53,598.0,1
9232,300.0,58,629.0,1
9264,6.0,62,1130.0,1
9264,6.0,63,1145.0,1
9264,18.0,79,1089.0,1
9264,42.0,68,876.0,1
9264,150.0,66,1083.0,1
9296,6.0,65,1081.0,2
9296,6.0,66,1089.0,1
9296,12.0,65,1090.0,2
9296,258.0,65,644.0,1
9328,12.0,71,1079.0,1
9328,108.0,53,545.0,1
9328,114.0,47,532.0,1
9328,114.0,48,549.0,1
9328,114.0,49,557.0,1
9328,114.0,50,563.0,1
9328,114.0,51,569.0,1
9328,120.0,55,617.0,1
9328,144.0,56,760.0,1
9360,54.0,62,748.0,1
9360,54.0,63,754.0,1
9360,54.0,64,764.0,1
9360,126.0,48,644.0,1
9360,162.0,64,1188.0,1
9360,186.0,85,1295.5,1
9360,336.0,76,1117.0,1
9392,144.0,49,728.0,1
9392,204.0,61,884.0,1
9392,210.0,76,897.0,1
9392,210.0,77,907.0,1
9392,216.0,67,911.0,1
9392,282.0,49,562.0,1
9392,282.0,50,570.0,1
9392,282.0,51,581.0,1
9392,342.0,73,1318.5,1
9424,18.0,85,1088.0,1
9424,18.0,86,1100.0,1
9424,18.0,87,1109.0,1
9424,18.0,88,1115.0,1
9424,60.0,76,764.0,1
9424,84.0,61,656.0,1
9456,12.0,74,1094.0,1
9456,78.0,60,678.0,1
9456,78.0,61,697.0,1
9456,114.0,51,587.0,2
9456,114.0,52,598.0,1
9456,120.0,60,632.0,1
9456,252.0,61,718.0,1
9456,312.0,62,675.0,1
9488,6.0,73,1218.0,1
9488,12.0,75,1112.0,1
9488,12.0,76,1123.0,1
9488,12.0,77,1131.0,1
9488,42.0,71,993.0,1
9488,48.0,77,908.0,1
9488,48.0,78,918.0,1
9488,84.0,57,683.0,1
9488,114.0,44,512.0,1
9488,114.0,45,526.0,1
9488,114.0,46,534.0,1
9488,114.0,47,551.0,1
9488,114.0,49,564.0,1
9488,114.0,50,573.0,1
9488,114.0,51,591.0,2
9488,150.0,55,788.0,1
9488,156.0,66,959.0,1
9488,204.0,81,1081.0,1
9488,234.0,68,837.0,1
9488,252.0,67,727.0,1
9488,330.0,62,847.0,1
9520,6.0,86,1216.5,1
9520,6.0,87,1227.5,1
9520,108.0,52,581.0,1
9520,108.0,53,591.0,1
9520,120.0,46,545.5,1
9520,120.0,47,557.5,1
9520,120.0,48,570.5,2
9520,120.0,49,581.5,1
9520,120.0,50,589.5,1
9520,120.0,51,597.5,1
9520,144.0,62,796.0,1
9520,144.0,63,802.0,1
9520,240.0,65,791.5,1
9520,258.0,74,710.0,1
9520,330.0,73,858.0,1
9552,18.0,82,1231.0,1
9552,18.0,83,1245.0,1
9552,18.0,84,1253.0,1
9552,30.0,81,1147.0,1
9552,30.0,82,1161.0,1
9552,132.0,45,711.0,1
9552,156.0,56,878.5,1
9552,156.0,57,885.5,1
9552,210.0,82,1025.0,1
9552,258.0,69,707.5,1
9552,342.0,72,1189.5,1
9584,120.0,50,633.0,1
9584,126.0,52,649.0,2
9584,132.0,52,689.0,2
9584,222.0,67,862.0,1
9584,222.0,68,868.0,1
9584,222.0,69,877.0,1
9584,222.0,70,885.0,1
9584,222.0,71,894.0,1
9584,222.0,72,909.0,1
9584,222.0,73,915.0,1
9584,222.0,74,921.0,1
9584,276.0,55,634.0,1
9584,306.0,45,629.0,1
9584,342.0,70,1147.0,1
9616,6.0,80,1324.0,1
9616,12.0,89,1282.0,1
9616,126.0,55,667.0,1
9616,138.0,62,754.0,1
9616,144.0,74,865.0,1
9616,156.0,75,941.0,1
9616,156.0,76,956.0,1
9616,156.0,77,966.0,1
9616,156.0,78,975.0,1
9616,216.0,71,1004.0,1
9616,222.0,76,926.0,1
9616,336.0,70,957.0,1
9648,6.0,85,1343.5,1
9680,36.0,68,1074.5,1
9680,48.0,62,883.0,1
9680,162.0,87,1215.5,1
9680,168.0,66,1194.0,1
9680,168.0,67,1217.0,1
9680,288.0,52,608.5,1
9712,18.0,100,1236.5,1
9712,18.0,101,1242.5,1
9712,18.0,102,1254.5,1
9712,30.0,74,1178.5,1
9712,30.0,75,1189.5,1
9712,42.0,78,961.0,1
9712,48.0,59,881.0,1
9712,120.0,62,737.0,1
9712,132.0,59,771.0,1
9712,168.0,77,1230.0,1
9712,168.0,78,1241.0,2
9712,168.0,79,1252.0,1
9712,192.0,74,1265.5,1
9712,306.0,43,631.5,1
9744,84.0,56,644.0,1
9744,168.0,78,1256.0,2
9744,192.0,81,1271.0,1
9744,324.0,56,654.0,1
9744,324.0,57,661.0,1
9744,324.0,58,670.0,1
9744,324.0,59,686.0,1
9744,324.0,60,693.0,1
9744,324.0,61,703.0,1
9744,324.0,62,717.0,1
9744,324.0,63,727.0,1
9744,324.0,64,737.0,1
9744,330.0,67,795.0,1
9776,54.0,62,720.0,1
9776,192.0,72,1301.0,1
9840,18.0,89,1268.0,1
9840,18.0,90,1290.0,1
9840,138.0,87,983.0,1
9840,138.0,88,1000.0,1
9840,192.0,81,1310.5,1
9840,192.0,82,1320.5,1
9840,192.0,83,1339.5,1
9840,300.0,58,685.0,1
9872,18.0,81,1299.5,1
9872,174.0,81,1257.0,1
9872,174.0,82,1263.0,1
9872,180.0,78,1335.0,1
9872,288.0,48,649.0,1
9904,30.0,76,1024.0,1
9904,216.0,70,942.0,1
9904,216.0,71,953.0,1
9904,222.0,83,934.0,1
9936,204.0,66,1184.0,1
9936,252.0,57,738.0,1
9936,276.0,58,633.0,2
9936,282.0,57,640.0,1
9936,282.0,58,648.0,2
9936,288.0,55,654.0,1
9936,294.0,48,665.5,1
9936,318.0,69,916.0,1
9968,114.0,69,731.0,1
9968,114.0,70,737.0,1
9968,174.0,76,1228.0,1
9968,174.0,77,1236.0,1
9968,204.0,65,1196.0,1
9968,240.0,59,785.0,1
9968,240.0,60,799.0,1
9968,240.0,61,805.0,1
9968,240.0,62,811.0,1
9968,240.0,63,819.0,1
9968,240.0,64,826.0,1
9968,240.0,65,846.0,1
9968,252.0,59,721.0,1
9968,252.0,60,729.0,1
9968,252.0,61,738.0,1
9968,258.0,54,661.0,2
9968,258.0,55,670.0,2
9968,258.0,56,680.0,1
9968,258.0,57,690.0,1
9968,264.0,52,634.0,1
9968,264.0,53,643.0,1
9968,264.0,54,652.0,2
9968,264.0,55,665.0,2
9968,270.0,47,636.0,1
9968,270.0,48,647.0,1
9968,282.0,53,657.0,1
9968,282.0,54,663.0,1
10000,30.0,82,1024.0,1
10000,42.0,74,870.0,1
10000,48.0,67,814.0,1
10000,66.0,65,730.0,1
10000,66.0,66,737.0,1
10000,66.0,67,745.0,1
10000,72.0,71,768.0,1
10032,24.0,85,1298.5,1
10032,42.0,77,856.5,1
10032,66.0,55,793.5,1
10032,72.0,61,775.0,2
10032,162.0,98,1232.5,1
10032,222.0,79,918.0,1
10032,222.0,80,928.0,1
10064,54.0,65,873.5,1
10064,72.0,61,788.0,2
10064,96.0,61,772.0,1
10064,186.0,87,1313.0,1
10064,288.0,56,705.5,1
10064,294.0,59,725.0,1
10064,324.0,63,941.0,1
10064,330.0,66,1024.0,1
10064,330.0,67,1034.0,1
10064,330.0,68,1042.0,1
10096,24.0,83,1242.0,1
10096,66.0,67,800.5,1
10096,66.0,68,819.5,1
10096,90.0,64,764.5,1
10096,90.0,65,771.5,1
10096,90.0,66,779.5,1
10096,126.0,79,811.0,1
10096,252.0,66,722.0,1
10096,252.0,67,732.0,1
10096,252.0,68,742.0,1
10096,258.0,75,714.5,1
10096,258.0,76,721.5,1
10128,30.0,73,1070.0,1
10128,30.0,74,1090.0,2
10128,84.0,65,787.0,1
10128,126.0,66,809.5,1
10128,126.0,67,818.5,1
10128,162.0,91,1281.0,1
10128,162.0,92,1302.0,1
10128,174.0,82,1281.0,1
10128,240.0,66,803.0,1
10128,240.0,67,810.0,1
10160,30.0,74,1128.0,2
10160,132.0,57,911.5,1
10160,132.0,58,917.5,1
10160,156.0,90,1087.0,1
10160,156.0,91,1094.0,1
10160,174.0,79,1311.0,1
10160,186.0,79,1326.0,1
10160,186.0,80,1339.0,1
10160,246.0,54,785.5,1
10192,36.0,81,1069.0,1
10192,36.0,82,1078.0,1
10192,162.0,94,1173.0,1
10192,162.0,95,1182.0,1
10192,192.0,71,1201.0,1
10192,192.0,72,1211.0,1
10192,192.0,73,1226.0,1
10192,192.0,75,1246.0,1
10192,192.0,76,1258.0,1
10192,192.0,77,1267.0,1
10224,102.0,58,756.0,1
10224,150.0,78,1166.0,1
10224,192.0,79,1284.0,1
10224,258.0,63,760.0,1
10224,318.0,70,845.0,1
10224,318.0,71,855.0,1
10224,318.0,72,862.0,1
10224,324.0,75,924.0,1
10256,72.0,54,745.0,1
10256,72.0,55,764.0,1
10256,78.0,56,744.0,1
10256,198.0,72,1200.5,1
10256,318.0,64,902.5,1
10288,30.0,74,1178.5,1
10288,66.0,73,799.0,1
10288,138.0,81,1068.5,1
10320,18.0,87,1288.0,1
10320,18.0,88,1303.0,1
10320,48.0,79,970.0,1
10320,126.0,69,895.0,1
10320,126.0,70,909.0,1
10352,0.0,73,1333.0,1
10352,18.0,91,1272.0,1
10352,36.0,64,1093.5,1
10352,36.0,65,1099.5,1
10352,102.0,66,839.0,1
10352,108.0,64,860.0,1
10352,204.0,67,1051.0,1
10384,18.0,81,1242.5,1
10384,24.0,85,1164.0,1
10384,24.0,86,1172.0,1
10384,138.0,73,1014.0,1
10384,138.0,74,1025.0,1
10384,144.0,81,1038.0,1
10384,150.0,71,1068.0,1
10384,150.0,72,1076.0,1
10384,150.0,73,1084.0,1
10384,150.0,74,1092.0,1
10384,174.0,75,1283.0,1
10384,204.0,72,1105.5,1
10384,204.0,73,1114.5,1
10384,258.0,71,705.0,1
10384,258.0,72,715.0,1
10384,258.0,73,727.0,1
10384,258.0,74,733.0,1
10416,24.0,88,1185.0,1
10416,138.0,87,1047.0,1
10416,138.0,88,1056.0,1
10416,162.0,73,1211.0,1
10416,258.0,67,771.0,1
10416,264.0,60,711.0,1
10416,264.0,61,718.0,1
10416,264.0,62,729.0,1
10416,264.0,63,736.0,1
10416,276.0,61,666.0,1
10416,276.0,62,676.0,1
10416,276.0,63,691.0,1
10416,276.0,64,707.0,1
10448,24.0,75,1210.0,1
10448,156.0,78,1060.0,1
10448,156.0,80,1079.0,1
10448,186.0,78,1315.5,1
10448,252.0,71,867.0,1
10448,288.0,67,689.0,1
10448,288.0,68,707.0,1
10448,288.0,69,716.0,1
10448,288.0,70,722.0,1
10448,288.0,71,733.0,1
10448,288.0,72,744.0,1
10480,12.0,81,1225.0,1
10480,96.0,58,801.0,1
10480,150.0,83,1052.0,1
10480,264.0,58,807.0,1
10480,276.0,65,778.0,1
10480,312.0,70,849.0,1
10480,330.0,78,1211.0,1
10512,24.0,71,1145.0,1
10512,24.0,72,1158.0,1
10512,138.0,75,1080.0,1
10544,24.0,78,1187.0,1
10544,24.0,79,1200.0,1
10544,54.0,48,942.0,1
10544,72.0,64,834.0,1
10544,180.0,70,1254.5,1
10544,180.0,71,1262.5,1
10544,336.0,75,1253.0,1
10544,336.0,76,1266.0,1
10544,336.0,77,1277.0,1
10576,24.0,88,1171.0,1
10576,96.0,48,673.0,1
10576,96.0,49,686.0,1
10576,96.0,50,695.0,1
10576,96.0,51,706.0,1
10576,96.0,52,713.0,1
10576,96.0,53,722.0,1
10576,96.0,54,732.0,1
10576,102.0,55,784.0,1
10576,138.0,76,1118.0,1
10576,210.0,80,1043.0,1
10576,330.0,65,1227.5,1
10608,24.0,76,1127.0,1
10608,24.0,77,1134.0,1
10608,90.0,42,713.0,1
10608,90.0,43,725.0,1
10608,102.0,48,775.0,1
10608,102.0,49,785.0,1
10608,150.0,90,1196.0,1
10608,150.0,91,1202.0,1
10608,210.0,63,998.0,1
10608,252.0,71,817.0,1
10608,252.0,72,824.0,1
10608,336.0,81,1302.0,1
10640,12.0,58,1099.0,1
10640,30.0,74,1087.0,1
10640,30.0,75,1093.0,1
10640,30.0,76,1105.0,1
10640,30.0,77,1112.0,1
10640,30.0,78,1118.0,1
10640,78.0,51,703.5,1
10640,78.0,52,716.5,1
10640,84.0,43,634.0,1
10640,84.0,44,652.0,1
10640,84.0,45,669.0,1
10640,84.0,46,676.0,1
10640,84.0,47,689.0,1
10640,84.0,48,703.0,1
10640,180.0,70,1213.0,1
10640,180.0,71,1226.0,1
10640,180.0,72,1243.0,1
10640,186.0,65,1190.5,1
10640,216.0,59,940.0,1
10672,12.0,76,1150.0,1
10672,12.0,77,1160.0,1
10672,18.0,65,1154.0,1
10672,18.0,66,1169.0,1
10672,120.0,70,924.0,1
10672,156.0,84,1116.5,1
10672,156.0,85,1132.5,1
10672,162.0,76,1153.5,1
10672,204.0,62,1001.5,1
10672,330.0,77,1278.0,1
10672,330.0,78,1288.0,1
10672,336.0,91,1325.0,1
10672,336.0,92,1331.0,1
10672,336.0,93,1341.0,1
10704,12.0,73,1135.0,1
10704,24.0,73,1144.0,2
10704,24.0,74,1154.0,1
10704,186.0,73,1097.0,1
10704,186.0,74,1105.0,1
10704,192.0,86,1144.0,1
10704,204.0,65,986.0,1
10704,258.0,71,881.0,1
10704,282.0,61,810.0,1
10704,306.0,60,916.0,1
10704,336.0,73,1336.5,1
10736,12.0,69,1120.0,1
10736,24.0,72,1105.0,1
10736,24.0,73,1126.0,2
10736,42.0,50,861.0,1
10736,42.0,51,882.0,1
10736,42.0,52,896.0,1
10736,42.0,53,908.0,1
10736,42.0,54,917.0,1
10736,54.0,51,867.0,1
10736,66.0,56,811.0,1
10736,126.0,52,795.0,1
10736,126.0,53,806.0,1
10736,126.0,54,814.0,1
10736,126.0,55,838.0,1
10736,126.0,56,851.0,1
10736,126.0,57,871.0,1
10736,126.0,58,891.0,1
10736,138.0,66,977.0,1
10736,144.0,61,935.0,1
10736,312.0,74,923.0,1
10736,336.0,81,1252.0,1
10736,336.0,82,1258.0,1
10736,336.0,83,1264.0,1
10768,6.0,59,1041.0,1
10768,6.0,60,1047.0,1
10768,12.0,53,1070.0,1
10768,42.0,63,998.0,1
10768,54.0,63,918.0,1
10768,54.0,64,932.0,1
10768,162.0,66,995.0,1
10768,162.0,67,1002.0,1
10768,204.0,63,930.5,1
10768,204.0,64,936.5,1
10768,234.0,73,1031.0,1
10768,234.0,74,1042.0,1
10768,306.0,58,845.0,1
10768,312.0,63,901.0,1
10800,0.0,51,953.0,1
10800,0.0,52,969.0,1
10800,0.0,53,984.0,1
10800,6.0,54,1024.0,1
10800,6.0,55,1036.0,1
10800,6.0,56,1051.0,1
10800,48.0,73,1009.0,1
10800,48.0,74,1022.0,1
10800,60.0,59,909.0,1
10800,156.0,66,896.0,1
10800,180.0,78,1088.0,1
10800,354.0,58,923.0,1
10800,354.0,59,941.0,1
10800,354.0,60,953.0,1
10800,354.0,61,968.0,1
10800,354.0,62,989.0,1
10800,354.0,63,1002.0,1
10800,354.0,64,1013.0,1
10800,354.0,65,1022.0,1
10832,24.0,62,1001.0,1
10832,48.0,69,1013.0,1
10832,48.0,70,1029.0,1
10832,54.0,65,987.0,1
10832,78.0,44,724.0,1
10832,78.0,45,745.0,1
10832,78.0,46,757.0,1
10832,78.0,47,764.0,1
10832,78.0,48,783.0,1
10832,138.0,48,820.0,2
10832,138.0,49,826.0,2
10832,138.0,51,840.0,1
10832,144.0,48,840.0,2
10832,144.0,49,861.0,2
10832,150.0,45,865.0,1
10832,156.0,49,885.0,1
10832,156.0,50,892.0,1
10832,156.0,51,903.0,1
10832,192.0,48,1008.0,1
10832,192.0,49,1018.0,1
10832,198.0,55,1002.0,1
10832,204.0,58,896.0,1
10832,204.0,59,902.0,1
10832,204.0,60,915.0,1
10832,204.0,61,926.0,1
10832,204.0,62,935.0,1
10832,204.0,63,947.0,1
10832,240.0,59,875.0,1
10832,240.0,60,881.0,1
10832,324.0,46,998.0,1
10832,348.0,49,858.0,1
10832,348.0,50,865.0,1
10832,348.0,51,875.0,1
10864,48.0,67,1037.0,1
10864,48.0,68,1048.0,1
10864,174.0,71,1133.0,1
10864,240.0,78,815.5,1
10864,240.0,79,821.5,1
10864,294.0,45,671.0,1
10864,294.0,46,689.0,1
10864,354.0,52,852.0,1
10896,84.0,44,630.0,1
10896,138.0,41,664.0,1
10896,144.0,48,704.0,1
10896,144.0,49,713.0,1
10896,156.0,40,742.0,1
10896,162.0,38,760.0,1
10896,168.0,41,817.0,1
10896,174.0,56,947.0,1
10896,186.0,63,1044.0,1
10896,198.0,56,933.0,1
10896,252.0,66,832.0,1
10896,300.0,51,740.0,1
10896,300.0,52,752.0,1
10928,6.0,32,726.5,1
10928,6.0,33,742.5,1
10928,6.0,34,751.5,1
10928,6.0,35,760.5,1
10928,6.0,36,778.5,1
10928,6.0,37,786.5,2
10928,54.0,67,942.0,1
10928,66.0,44,707.0,1
10928,66.0,45,724.0,1
10928,66.0,46,739.0,1
10928,84.0,42,614.0,1
10928,84.0,43,623.0,1
10928,114.0,38,599.0,1
10928,114.0,39,606.0,1
10928,114.0,40,624.0,1
10928,114.0,41,631.0,1
10928,132.0,35,626.0,1
10928,132.0,36,642.0,1
10928,132.0,37,648.0,1
10928,138.0,28,674.0,1
10928,156.0,33,672.0,1
10928,156.0,34,681.0,1
10928,156.0,35,696.0,1
10928,156.0,36,704.0,1
10928,180.0,51,1034.0,1
10928,180.0,52,1052.0,1
10928,198.0,47,881.0,1
10928,198.0,48,895.0,1
10928,198.0,49,907.0,1
10928,312.0,51,762.0,1
10960,6.0,37,822.5,2
10960,12.0,49,878.0,1
10960,12.0,50,890.0,1
10960,42.0,60,934.0,1
10960,42.0,61,951.0,1
10960,54.0,59,884.0,1
10960,138.0,18,208.0,1
10960,162.0,35,663.5,1
10960,162.0,36,670.5,1
10960,168.0,40,730.0,1
10960,168.0,41,737.0,1
10960,336.0,43,825.5,1
10992,48.0,54,841.0,1
10992,60.0,47,652.0,1
10992,90.0,28,556.0,1
10992,126.0,21,283.0,1
10992,126.0,22,293.0,1
10992,132.0,19,280.0,1
10992,138.0,16,258.0,1
10992,138.0,17,267.0,2
10992,144.0,17,261.0,2
10992,144.0,18,267.0,1
10992,162.0,31,629.0,1
10992,168.0,28,616.0,1
10992,168.0,29,626.0,1
10992,168.0,30,646.0,1
10992,264.0,37,509.0,1
11024,6.0,34,568.0,1
11024,6.0,35,591.0,1
11024,6.0,36,613.0,1
11024,6.0,37,628.0,1
11024,6.0,38,644.0,1
11024,6.0,39,664.0,1
11024,6.0,40,683.0,1
11024,6.0,41,693.0,1
11024,30.0,53,858.0,1
11024,42.0,36,717.5,1
11024,42.0,37,726.5,1
11024,42.0,38,739.5,1
11024,48.0,40,662.5,1
11024,48.0,41,677.5,1
11024,48.0,42,689.5,1
11024,48.0,43,701.5,1
11024,54.0,38,631.5,1
11024,54.0,39,643.5,1
11024,60.0,41,577.0,1
11024,60.0,42,593.0,1
11024,66.0,31,562.0,1
11024,72.0,33,491.0,1
11024,78.0,29,488.0,1
11024,78.0,30,496.0,1
11024,78.0,31,507.0,1
11024,102.0,27,381.0,1
11024,102.0,30,423.0,1
11024,102.0,31,431.0,1
11024,102.0,32,439.0,1
11024,102.0,33,451.0,1
11024,102.0,34,459.0,1
11024,102.0,35,466.0,1
11024,102.0,36,475.0,1
11024,108.0,24,397.0,1
11024,108.0,25,429.0,1
11024,126.0,28,334.0,1
11024,126.0,29,343.0,1
11024,138.0,27,335.0,1
11024,180.0,31,787.0,1
11024,186.0,42,896.0,1
11024,258.0,11,168.5,1
11024,258.0,12,183.5,1
11024,270.0,9,175.0,2
11024,276.0,9,197.0,2
11056,198.0,37,684.0,1
11056,198.0,38,694.0,1
11056,198.0,39,705.0,1
11056,198.0,40,715.0,1
11056,270.0,11,343.0,1
11088,84.0,19,242.0,1
11088,102.0,20,190.0,1
11088,312.0,27,419.0,1
11088,312.0,28,427.0,1
11120,48.0,25,399.0,1
11120,48.0,26,408.0,1
11120,60.0,20,324.0,1
11120,78.0,20,282.0,1
11120,114.0,11,207.0,1
11120,120.0,14,208.0,1
11120,120.0,15,224.0,1
11120,120.0,16,230.0,1
11120,144.0,14,238.0,1
11120,144.0,15,249.0,1
11120,144.0,16,261.0,1
11152,36.0,25,316.0,1
11152,36.0,26,323.0,1
11152,66.0,10,147.0,1
11152,66.0,11,156.0,1
11152,120.0,9,95.0,1
11152,120.0,10,113.0,1
11152,120.0,11,124.0,1
11152,138.0,8,122.0,1
11152,252.0,9,214.0,1
11184,168.0,16,588.5,1
11184,168.0,17,594.5,1
11184,336.0,11,547.0,1
11216,168.0,11,634.0,1
11216,168.0,12,655.0,1
11216,168.0,13,664.0,1
11216,168.0,14,674.0,1
11216,168.0,15,691.0,1
11216,186.0,12,358.0,1
11216,324.0,14,799.0,1
11216,324.0,15,809.0,1
